nom;annee;mois;temp_RF;lat;lon;altitude;pr_RF;ERA5_sde_cm;neige_RF_cm;pct_neige
CADI_POP1;2000;1;-2.82430187378472;42.2369;1.7043;2357;4.32615674603175;0.390625;67.343420181843;NA
CADI_POP1;2000;2;1.01772537842875;42.2369;1.7043;2357;19.3733755328005;0.25592673;127.774010874458;0
CADI_POP1;2000;3;-0.0681404293721831;42.2369;1.7043;2357;50.3981213147963;1.2695312;152.597860803778;0
CADI_POP1;2000;4;1.23078216920745;42.2369;1.7043;2357;80.0484012385762;0.9635417;176.522909384692;100
CADI_POP1;2000;5;7.97539903269534;42.2369;1.7043;2357;100.356683956784;0.0031502016;89.6209799182178;0
CADI_POP1;2000;6;11.3774000944515;42.2369;1.7043;2357;102.709171940097;0.061848957;31.5835788473734;0
CADI_POP1;2000;7;11.9806474180749;42.2369;1.7043;2357;43.4533113211951;-7.345365e-22;0.0003809523809523;0
CADI_POP1;2000;8;13.2822805079347;42.2369;1.7043;2357;43.4470297314885;-7.345365e-22;6.34920634920635e-05;0
CADI_POP1;2000;9;9.67114660597716;42.2369;1.7043;2357;99.5203161597662;-7.345365e-22;0.12530701337052;0
CADI_POP1;2000;10;4.84210903964622;42.2369;1.7043;2357;40.7399334369334;0.11340726;0.889542873390329;0
CADI_POP1;2000;11;0.696736267087913;42.2369;1.7043;2357;58.5511290524291;0.123697914;12.9018827129819;0
CADI_POP1;2000;12;-0.601020926155558;42.2369;1.7043;2357;95.1462426823177;1.4270413;30.0664732510017;25
CADI_POP1;2001;1;-3.47649306474678;42.2369;1.7043;2357;73.3257598965848;5.4120464;70.0024719696517;100
CADI_POP1;2001;2;-0.535736741303956;42.2369;1.7043;2357;19.4825984885485;1.726423;110.06579884702;75
CADI_POP1;2001;3;1.85715306699647;42.2369;1.7043;2357;79.2091075877826;0.5733367;163.23679800848;10
CADI_POP1;2001;4;1.71495836070535;42.2369;1.7043;2357;71.7084619306619;0.57942706;177.994338658751;0
CADI_POP1;2001;5;5.98350896130207;42.2369;1.7043;2357;98.1025553150554;0.08820564;102.279265240443;0
CADI_POP1;2001;6;11.8628584000597;42.2369;1.7043;2357;17.2356354016354;-7.345365e-22;12.0045496597706;0
CADI_POP1;2001;7;12.0119154397979;42.2369;1.7043;2357;83.7594832371333;-7.345365e-22;0.0003809523809523;0
CADI_POP1;2001;8;11.8039096297309;42.2369;1.7043;2357;53.7886896538647;-7.345365e-22;6.34920634920635e-05;0
CADI_POP1;2001;9;8.39277678050924;42.2369;1.7043;2357;53.077208075258;-7.345365e-22;0.12530701337052;0
CADI_POP1;2001;10;6.92509955548641;42.2369;1.7043;2357;52.1392696608947;-7.345365e-22;0.349767206049459;0
CADI_POP1;2001;11;-0.35114817852986;42.2369;1.7043;2357;71.9107960488586;4.0820312;19.1521828544232;57.1428571428571
CADI_POP1;2001;12;-2.12703149105138;42.2369;1.7043;2357;33.5908355163355;6.341356;51.5510345404651;52.9411764705882
CADI_POP1;2002;1;-1.33265182474401;42.2369;1.7043;2357;18.7851418507419;3.345514;66.6611346628282;9.09090909090909
CADI_POP1;2002;2;-0.523254530891924;42.2369;1.7043;2357;32.1917358715359;1.7822266;109.99773860862;7.14285714285714
CADI_POP1;2002;3;0.816279775872054;42.2369;1.7043;2357;33.3870231962482;0.51033264;161.522873633865;0
CADI_POP1;2002;4;1.8708844517072;42.2369;1.7043;2357;92.6732248001998;1.2402344;171.113827643871;40
CADI_POP1;2002;5;5.11937624710923;42.2369;1.7043;2357;89.4593594035594;0.22051412;117.812923836559;0
CADI_POP1;2002;6;11.7751901134946;42.2369;1.7043;2357;98.5194814555815;0.12044271;31.5005985509828;0
CADI_POP1;2002;7;12.0824946433483;42.2369;1.7043;2357;83.5379067580567;-7.2791904e-22;0.0003809523809523;0
CADI_POP1;2002;8;10.9137752053367;42.2369;1.7043;2357;95.4431091491842;-7.2791904e-22;6.34920634920635e-05;0
CADI_POP1;2002;9;7.92096627797583;42.2369;1.7043;2357;64.5506703823954;-7.2791904e-22;0.12530701337052;0
CADI_POP1;2002;10;5.31126227901644;42.2369;1.7043;2357;84.6245208032708;-7.2791904e-22;0.349767206049459;0
CADI_POP1;2002;11;0.636703448626714;42.2369;1.7043;2357;83.4514174122174;0.46875;14.9608155481281;30.7692307692308
CADI_POP1;2002;12;-0.702647776070567;42.2369;1.7043;2357;44.8176159090909;5.560106;36.5061848150236;83.3333333333333
CADI_POP1;2003;1;-3.30631349187174;42.2369;1.7043;2357;34.8448457634958;4.4638357;68.1342024813291;71.4285714285714
CADI_POP1;2003;2;-5.96239595895214;42.2369;1.7043;2357;93.2877086034336;15.332031;147.76016640208;50
CADI_POP1;2003;3;0.412881071069035;42.2369;1.7043;2357;37.8158711288167;2.7249243;141.260169957212;58.3333333333333
CADI_POP1;2003;4;2.28349399276285;42.2369;1.7043;2357;35.5805700660451;0.61848956;177.840177153512;33.3333333333333
CADI_POP1;2003;5;8.0590655265149;42.2369;1.7043;2357;84.188013961039;0.15435988;99.8221665125209;0
CADI_POP1;2003;6;13.3289641083897;42.2369;1.7043;2357;61.8940658156658;-7.2791904e-22;12.0045496597706;0
CADI_POP1;2003;7;10.9961546670084;42.2369;1.7043;2357;50.9494256012506;-7.2791904e-22;0.0003809523809523;0
CADI_POP1;2003;8;11.8564803830445;42.2369;1.7043;2357;61.2548946701446;-7.3026714e-22;6.34920634920635e-05;0
CADI_POP1;2003;9;8.9354952643637;42.2369;1.7043;2357;125.576267700818;-7.345365e-22;0.12530701337052;0
CADI_POP1;2003;10;4.38765334472006;42.2369;1.7043;2357;91.8764452001703;0.031502016;1.56766241129012;0
CADI_POP1;2003;11;2.36744163951336;42.2369;1.7043;2357;79.9001314935065;0.1595052;13.1306952954973;27.2727272727273
CADI_POP1;2003;12;-0.936699951116676;42.2369;1.7043;2357;84.714803042328;9.954638;66.1991673092799;100
CADI_POP1;2004;1;-2.66603467892275;42.2369;1.7043;2357;15.5075302669553;2.4225051;65.8640106805042;44.4444444444444
CADI_POP1;2004;2;-2.09550099064542;42.2369;1.7043;2357;60.8610946488697;4.4315734;122.412552328297;7.14285714285714
CADI_POP1;2004;3;-0.943653997710799;42.2369;1.7043;2357;89.7208576118327;2.1988406;134.99942161879;37.5
CADI_POP1;2004;4;1.17436605291299;42.2369;1.7043;2357;84.4605382700634;1.2565104;169.970437183571;80
CADI_POP1;2004;5;4.12002866486236;42.2369;1.7043;2357;86.5747824675325;0.012600807;89.6059556380756;40
CADI_POP1;2004;6;11.7671575043744;42.2369;1.7043;2357;66.8924277657528;-7.2791904e-22;12.0045496597706;0
CADI_POP1;2004;7;12.7166010701028;42.2369;1.7043;2357;64.6850872636623;-7.306941e-22;0.0003809523809523;0
CADI_POP1;2004;8;13.2127078090178;42.2369;1.7043;2357;127.186810738336;-7.345365e-22;6.34920634920635e-05;0
CADI_POP1;2004;9;10.8548884953364;42.2369;1.7043;2357;61.9937315295816;-7.345365e-22;0.12530701337052;0
CADI_POP1;2004;10;6.00562829464674;42.2369;1.7043;2357;45.2738315934066;0.04095262;1.52870713679388;0
CADI_POP1;2004;11;0.982092850902105;42.2369;1.7043;2357;18.7096865680616;0.36458334;15.3227273200137;0
CADI_POP1;2004;12;-0.343453322287997;42.2369;1.7043;2357;46.516071957672;0.66784275;33.100713538233;25
CADI_POP1;2005;1;-2.86984704908583;42.2369;1.7043;2357;15.5075302669553;1.9310735;65.8864195982366;0
CADI_POP1;2005;2;-4.19195081078661;42.2369;1.7043;2357;32.4598296546047;6.113979;121.099916770404;75
CADI_POP1;2005;3;-0.136230262298808;42.2369;1.7043;2357;29.36981001036;1.7452117;135.32299043399;30.7692307692308
CADI_POP1;2005;4;2.12578571251498;42.2369;1.7043;2357;34.6587940836941;0.3515625;173.343231105779;0
CADI_POP1;2005;5;8.56124349825556;42.2369;1.7043;2357;61.7642826349576;0.0063004033;89.6209799182178;7.14285714285714
CADI_POP1;2005;6;13.0412245321627;42.2369;1.7043;2357;83.8474232563732;-7.345365e-22;12.0045496597706;0
CADI_POP1;2005;7;11.210830123969;42.2369;1.7043;2357;62.3377734728235;-7.345365e-22;0.0003809523809523;0
CADI_POP1;2005;8;11.9584349499389;42.2369;1.7043;2357;52.4279041338292;-7.345365e-22;6.34920634920635e-05;0
CADI_POP1;2005;9;9.14567051306417;42.2369;1.7043;2357;91.7378946849447;-7.345365e-22;0.12530701337052;0
CADI_POP1;2005;10;5.90439065162978;42.2369;1.7043;2357;99.8716862119362;-7.345365e-22;0.349767206049459;0
CADI_POP1;2005;11;0.896100342686774;42.2369;1.7043;2357;43.1817004384504;0.9277344;14.9352264118387;40
CADI_POP1;2005;12;-0.481805920708048;42.2369;1.7043;2357;31.0075382931883;2.8194304;29.9104548375497;62.5
CADI_POP1;2006;1;-3.29579034721661;42.2369;1.7043;2357;91.7131015928516;6.1302924;70.9648070952582;77.7777777777778
CADI_POP1;2006;2;-2.9531469338916;42.2369;1.7043;2357;13.2091517917268;10.867745;144.509517673834;86.6666666666667
CADI_POP1;2006;3;0.519140092492497;42.2369;1.7043;2357;47.0220951844452;1.827117;135.241325023177;85.7142857142857
CADI_POP1;2006;4;3.30439659241093;42.2369;1.7043;2357;35.7296142376142;-7.345365e-22;151.770798792483;0
CADI_POP1;2006;5;9.06429098617644;42.2369;1.7043;2357;35.5068102564103;-7.345365e-22;89.597830137254;0
CADI_POP1;2006;6;12.1334916248455;42.2369;1.7043;2357;41.911548977874;-7.345365e-22;12.0045496597706;0
CADI_POP1;2006;7;11.8981154787095;42.2369;1.7043;2357;78.5674251683502;-7.345365e-22;0.0003809523809523;0
CADI_POP1;2006;8;11.9597402480509;42.2369;1.7043;2357;63.5778150793651;-7.345365e-22;6.34920634920635e-05;0
CADI_POP1;2006;9;9.86358787107057;42.2369;1.7043;2357;92.4001007076257;-7.345365e-22;0.12530701337052;0
CADI_POP1;2006;10;7.03499487707489;42.2369;1.7043;2357;45.0197293243793;-7.345365e-22;0.349767206049459;0
CADI_POP1;2006;11;3.23713809255849;42.2369;1.7043;2357;16.6853300505051;-7.345365e-22;10.4404187213435;0
CADI_POP1;2006;12;0.39718433414355;42.2369;1.7043;2357;27.0337314010064;0.41582662;32.653752397329;0
CADI_POP1;2007;1;0.0929345046312124;42.2369;1.7043;2357;16.064563023088;0.49773186;67.5533133496191;11.1111111111111
CADI_POP1;2007;2;-0.493816122631016;42.2369;1.7043;2357;33.5043372310696;0.48828125;129.987106073705;10
CADI_POP1;2007;3;-0.911430341168466;42.2369;1.7043;2357;42.1752674778381;1.4301915;138.903765532683;10
CADI_POP1;2007;4;2.79687342609077;42.2369;1.7043;2357;90.2736238798239;0.8203125;179.400170776784;0
CADI_POP1;2007;5;7.26999062736981;42.2369;1.7043;2357;85.4749213564214;0.091355845;102.410459619956;0
CADI_POP1;2007;6;11.4425330574881;42.2369;1.7043;2357;54.6418569338069;-7.345365e-22;12.0045496597706;0
CADI_POP1;2007;7;13.3532829577892;42.2369;1.7043;2357;39.7627938718689;-7.345365e-22;0.0003809523809523;0
CADI_POP1;2007;8;12.6308098500542;42.2369;1.7043;2357;87.5938702741703;-7.345365e-22;6.34920634920635e-05;0
CADI_POP1;2007;9;9.81368673559104;42.2369;1.7043;2357;42.4604313677064;-7.345365e-22;0.12530701337052;0
CADI_POP1;2007;10;5.32634276236353;42.2369;1.7043;2357;51.52967999038;0.04410282;1.00994617120191;5.88235294117647
CADI_POP1;2007;11;0.885218168191097;42.2369;1.7043;2357;34.353056044881;0.068359375;12.5528425028719;0
CADI_POP1;2007;12;-1.1365072523909;42.2369;1.7043;2357;20.5200737854738;0.8001512;35.4737664619889;0
CADI_POP1;2008;1;-0.310838877682777;42.2369;1.7043;2357;33.1109824656825;1.5908518;66.3203899893534;26.6666666666667
CADI_POP1;2008;2;-0.576563225321239;42.2369;1.7043;2357;35.6951560437384;1.2223868;124.126021579336;8.33333333333333
CADI_POP1;2008;3;-0.734118319346311;42.2369;1.7043;2357;46.517150956451;1.8869708;135.241325023177;22.2222222222222
CADI_POP1;2008;4;1.64562524879716;42.2369;1.7043;2357;90.1671990962741;0.64778644;177.954696427687;12.5
CADI_POP1;2008;5;5.51135052220931;42.2369;1.7043;2357;236.170880933881;-7.345365e-22;89.597830137254;25
CADI_POP1;2008;6;9.59709385440764;42.2369;1.7043;2357;107.379753698154;-7.345365e-22;12.0045496597706;0
CADI_POP1;2008;7;13.0581027019253;42.2369;1.7043;2357;62.161267000592;-7.345365e-22;0.0003809523809523;0
CADI_POP1;2008;8;12.9314116463663;42.2369;1.7043;2357;52.3431571188071;-7.345365e-22;6.34920634920635e-05;0
CADI_POP1;2008;9;8.26778615020311;42.2369;1.7043;2357;50.9738120610871;-7.345365e-22;0.12530701337052;0
CADI_POP1;2008;10;5.10459306031796;42.2369;1.7043;2357;92.7664122636623;1.4711442;7.6895848791723;0
CADI_POP1;2008;11;-0.475311768750275;42.2369;1.7043;2357;88.8361876743627;1.7578125;14.4879037445377;50
CADI_POP1;2008;12;-1.40556662925928;42.2369;1.7043;2357;43.8471352934103;9.135585;65.4910024197158;28.5714285714286
CADI_POP1;2009;1;-3.07727112485888;42.2369;1.7043;2357;40.6680907851408;18.790953;90.0495898738304;100
CADI_POP1;2009;2;-1.48550245238818;42.2369;1.7043;2357;47.5559643698894;10.375977;142.275861815045;100
CADI_POP1;2009;3;0.519140092492497;42.2369;1.7043;2357;47.0220951844452;1.001764;158.561616148628;25
CADI_POP1;2009;4;1.02871615063949;42.2369;1.7043;2357;86.0237529757281;0.8561198;179.442207997152;100
CADI_POP1;2009;5;9.41199440451258;42.2369;1.7043;2357;56.9453424649425;-7.345365e-22;89.597830137254;0
CADI_POP1;2009;6;11.7780736423702;42.2369;1.7043;2357;85.2006268398268;-7.345365e-22;12.0045496597706;0
CADI_POP1;2009;7;13.081618914743;42.2369;1.7043;2357;61.8544049062049;-7.345365e-22;0.0003809523809523;0
CADI_POP1;2009;8;10.7919819223375;42.2369;1.7043;2357;99.0611982924484;-7.345365e-22;6.34920634920635e-05;0
CADI_POP1;2009;9;9.02823104347877;42.2369;1.7043;2357;76.9644170755171;-7.345365e-22;0.12530701337052;0
CADI_POP1;2009;10;6.2288643809544;42.2369;1.7043;2357;83.5553653799904;-7.345365e-22;0.349767206049459;0
CADI_POP1;2009;11;2.62982997886977;42.2369;1.7043;2357;35.0474500360751;0.37109375;15.3227273200137;21.4285714285714
CADI_POP1;2009;12;-0.816536332991297;42.2369;1.7043;2357;84.2480663419913;3.061996;30.0862062502714;27.2727272727273
CADI_POP1;2010;1;-3.07585781823291;42.2369;1.7043;2357;40.6680907851408;14.676789;92.9077912323168;100
CADI_POP1;2010;2;-3.37227793195414;42.2369;1.7043;2357;57.4204427849928;8.7786;131.92229057627;100
CADI_POP1;2010;3;-1.85192734790006;42.2369;1.7043;2357;86.5563737734488;8.637853;179.058458418358;90.9090909090909
CADI_POP1;2010;4;2.18332381941871;42.2369;1.7043;2357;39.1194388176094;0.60221356;177.789941515148;0
CADI_POP1;2010;5;4.01801528328786;42.2369;1.7043;2357;86.5090325498576;0.844254;166.207264009787;0
CADI_POP1;2010;6;8.75390495709274;42.2369;1.7043;2357;147.955089899915;-7.345365e-22;12.0045496597706;0
CADI_POP1;2010;7;11.0537953623109;42.2369;1.7043;2357;89.3476862914863;-7.345365e-22;0.0003809523809523;0
CADI_POP1;2010;8;12.7027047749375;42.2369;1.7043;2357;62.980305026455;-7.345365e-22;6.34920634920635e-05;0
CADI_POP1;2010;9;8.66493148276256;42.2369;1.7043;2357;86.579119035594;-7.345365e-22;0.12530701337052;0
CADI_POP1;2010;10;4.90529015715405;42.2369;1.7043;2357;85.4449000462501;0.031502016;1.56766241129012;0
CADI_POP1;2010;11;0.510548928087411;42.2369;1.7043;2357;35.8841786556037;0.9667969;14.9666647938333;0
CADI_POP1;2010;12;-1.84451733480343;42.2369;1.7043;2357;41.7583203259703;2.0885837;27.4686394377602;27.2727272727273
CADI_POP1;2011;1;-2.43055718149819;42.2369;1.7043;2357;33.9886634023384;1.2884325;67.6094172845284;11.7647058823529
CADI_POP1;2011;2;-0.273473763276362;42.2369;1.7043;2357;13.5465795695046;2.2460938;109.409427060484;15.3846153846154
CADI_POP1;2011;3;-0.304280480550544;42.2369;1.7043;2357;90.1386835553336;1.6475555;135.040355568486;40
CADI_POP1;2011;4;5.76975779768156;42.2369;1.7043;2357;47.7659065175565;-7.345365e-22;151.770798792483;0
CADI_POP1;2011;5;8.11412122607002;42.2369;1.7043;2357;88.3461132016132;-7.345365e-22;89.597830137254;0
CADI_POP1;2011;6;10.4719636423226;42.2369;1.7043;2357;104.56814455082;-7.345365e-22;12.0045496597706;0
CADI_POP1;2011;7;11.9129252918091;42.2369;1.7043;2357;92.6997597883598;-7.345365e-22;0.0003809523809523;0
CADI_POP1;2011;8;13.4212834648386;42.2369;1.7043;2357;51.7691066526066;-7.345365e-22;6.34920634920635e-05;0
CADI_POP1;2011;9;11.5699964836577;42.2369;1.7043;2357;52.6246129296629;-7.345365e-22;0.12530701337052;0
CADI_POP1;2011;10;5.97272545846654;42.2369;1.7043;2357;51.4836421596922;-7.345365e-22;0.349767206049459;0
CADI_POP1;2011;11;2.53392651354274;42.2369;1.7043;2357;92.9613220779221;-7.345365e-22;10.4404187213435;0
CADI_POP1;2011;12;0.770318638446686;42.2369;1.7043;2357;5.026559992785;0.1890121;30.7602541895026;0
CADI_POP1;2012;1;0.26152401497194;42.2369;1.7043;2357;4.32615674603175;0.1858619;67.4134923022913;0
CADI_POP1;2012;2;-4.13926587666447;42.2369;1.7043;2357;8.10632871572871;2.6703932;111.066847850679;0
CADI_POP1;2012;3;0.652818846498585;42.2369;1.7043;2357;81.2538417508417;0.3969254;159.975638393318;19.047619047619
CADI_POP1;2012;4;0.650123251427361;42.2369;1.7043;2357;90.1245178451178;0.41666666;173.343231105779;0
CADI_POP1;2012;5;7.38867708037941;42.2369;1.7043;2357;96.8422729557479;0.06300403;96.8239234598389;0
CADI_POP1;2012;6;12.8185772438523;42.2369;1.7043;2357;39.1661165362415;-7.345365e-22;12.0045496597706;0
CADI_POP1;2012;7;13.0969749089499;42.2369;1.7043;2357;39.5507301827802;-7.345365e-22;0.0003809523809523;0
CADI_POP1;2012;8;11.9502596722587;42.2369;1.7043;2357;52.1206941613942;-7.345365e-22;6.34920634920635e-05;0
CADI_POP1;2012;9;9.68456677990378;42.2369;1.7043;2357;80.4947836580087;-7.345365e-22;0.12530701337052;0
CADI_POP1;2012;10;6.01305000683663;42.2369;1.7043;2357;95.2793355931106;0.11970766;0.819725047112007;0
CADI_POP1;2012;11;2.61517211314286;42.2369;1.7043;2357;52.0052558321308;0.4361979;15.1067181639093;9.09090909090909
CADI_POP1;2012;12;0.51429325430969;42.2369;1.7043;2357;18.8045336580087;1.0049143;35.5997577553302;6.25
CADI_POP1;2013;1;-1.10001662904079;42.2369;1.7043;2357;71.1765193292818;3.685736;66.9997293396492;25
CADI_POP1;2013;2;-3.72533005932186;42.2369;1.7043;2357;31.2887093073593;3.9760044;135.201997211803;12.5
CADI_POP1;2013;3;-1.03427781532577;42.2369;1.7043;2357;92.5255271339772;2.419355;136.140832973852;100
CADI_POP1;2013;4;1.62246453595354;42.2369;1.7043;2357;91.4308614959115;1.1946615;171.113827643871;14.2857142857143
CADI_POP1;2013;5;3.07551124290979;42.2369;1.7043;2357;86.2016330428831;0.17641129;109.245529452753;0
CADI_POP1;2013;6;9.68663521930956;42.2369;1.7043;2357;55.9380435619936;-7.345365e-22;12.0045496597706;0
CADI_POP1;2013;7;12.9560738206907;42.2369;1.7043;2357;127.08904479317;-7.345365e-22;0.0003809523809523;0
CADI_POP1;2013;8;13.0630226588869;42.2369;1.7043;2357;60.1809803030303;-7.345365e-22;6.34920634920635e-05;0
CADI_POP1;2013;9;9.904597272934;42.2369;1.7043;2357;51.8757229076479;-7.345365e-22;0.12530701337052;0
CADI_POP1;2013;10;7.09348770712731;42.2369;1.7043;2357;32.9366988733489;0.04410282;1.00994617120191;0
CADI_POP1;2013;11;1.19497199393065;42.2369;1.7043;2357;72.9301131734007;2.578125;17.1634299612284;53.3333333333333
CADI_POP1;2013;12;0.397897567566604;42.2369;1.7043;2357;28.1627332732083;2.060232;27.2975948322651;46.1538461538462
CADI_POP1;2014;1;-0.580579945404077;42.2369;1.7043;2357;73.3270039372664;1.5561996;66.3203899893534;87.5
CADI_POP1;2014;2;-1.41623414683204;42.2369;1.7043;2357;54.4952944388945;3.5016742;134.517336387271;80
CADI_POP1;2014;3;-0.0976309145529996;42.2369;1.7043;2357;34.1934128390129;1.3199345;152.597860803778;15.3846153846154
CADI_POP1;2014;4;3.89792523464446;42.2369;1.7043;2357;87.4164447432198;0.016276041;151.722835082806;10
CADI_POP1;2014;5;5.94907885907064;42.2369;1.7043;2357;68.0076748316498;-7.345365e-22;89.597830137254;0
CADI_POP1;2014;6;11.178902381574;42.2369;1.7043;2357;101.937332930958;-7.345365e-22;12.0045496597706;0
CADI_POP1;2014;7;12.0124084690406;42.2369;1.7043;2357;96.6973377280128;-7.345365e-22;0.0003809523809523;0
CADI_POP1;2014;8;12.3775625739643;42.2369;1.7043;2357;139.965210377585;-7.345365e-22;6.34920634920635e-05;0
CADI_POP1;2014;9;9.87408151930406;42.2369;1.7043;2357;92.2700356643357;-7.345365e-22;0.12530701337052;0
CADI_POP1;2014;10;6.9320899885808;42.2369;1.7043;2357;44.2687543123543;-7.345365e-22;0.349767206049459;0
CADI_POP1;2014;11;2.37827025631397;42.2369;1.7043;2357;173.942892267917;0.078125;12.5528425028719;0
CADI_POP1;2014;12;0.610294850774478;42.2369;1.7043;2357;19.447171007696;0.9923135;35.5997577553302;0
CADI_POP1;2015;1;-0.704439850170658;42.2369;1.7043;2357;32.675447018722;2.016129;65.8971630830611;22.2222222222222
CADI_POP1;2015;2;-3.75397055393632;42.2369;1.7043;2357;25.2016257844008;6.361607;121.486203582548;16.6666666666667
CADI_POP1;2015;3;0.800568131336021;42.2369;1.7043;2357;42.3824384800385;1.140373;153.42401273076;9.09090909090909
CADI_POP1;2015;4;3.26824345370441;42.2369;1.7043;2357;47.8914282227032;-7.345365e-22;151.770798792483;0
CADI_POP1;2015;5;9.21237927903693;42.2369;1.7043;2357;41.5721110630111;-7.345365e-22;89.597830137254;0
CADI_POP1;2015;6;11.6162530422316;42.2369;1.7043;2357;151.852579525104;-7.345365e-22;12.0045496597706;0
CADI_POP1;2015;7;14.964267568708;42.2369;1.7043;2357;97.5663272967774;-7.345365e-22;0.0003809523809523;0
CADI_POP1;2015;8;13.0191703417237;42.2369;1.7043;2357;141.006120827321;-7.345365e-22;6.34920634920635e-05;0
CADI_POP1;2015;9;8.29677177101403;42.2369;1.7043;2357;89.9281638648389;-7.345365e-22;0.12530701337052;0
CADI_POP1;2015;10;5.28617450981364;42.2369;1.7043;2357;44.750317024642;-7.345365e-22;0.349767206049459;0
CADI_POP1;2015;11;2.70416570293626;42.2369;1.7043;2357;93.1777857864358;0.72265625;14.8251778040677;0
CADI_POP1;2015;12;1.53878169530787;42.2369;1.7043;2357;4.14640912698413;0.31502017;31.8099190475753;0
CADI_POP1;2016;1;0.204338168905561;42.2369;1.7043;2357;16.4463471981722;0.6048387;67.6320782740992;0
CADI_POP1;2016;2;-1.11868667258811;42.2369;1.7043;2357;86.3337506734007;1.17861;124.126021579336;25
CADI_POP1;2016;3;-0.980257612129685;42.2369;1.7043;2357;39.8713919432419;2.0003781;135.473265230109;66.6666666666667
CADI_POP1;2016;4;1.94023451091273;42.2369;1.7043;2357;93.3549724192474;0.4752604;175.207785898441;40
CADI_POP1;2016;5;5.93947580419254;42.2369;1.7043;2357;87.4216430957932;0.0031502016;89.6209799182178;0
CADI_POP1;2016;6;10.9218296058064;42.2369;1.7043;2357;86.5392924001924;-7.345365e-22;12.0045496597706;0
CADI_POP1;2016;7;11.2036102997669;42.2369;1.7043;2357;61.9505917360417;-7.345365e-22;0.0003809523809523;0
CADI_POP1;2016;8;13.4148855398514;42.2369;1.7043;2357;50.132308978984;-7.345365e-22;6.34920634920635e-05;0
CADI_POP1;2016;9;3.01208166463162;42.2369;1.7043;2357;77.4135161495911;-7.345365e-22;0.12530701337052;0
CADI_POP1;2016;10;2.96004646734809;42.2369;1.7043;2357;85.9103311087061;-7.345365e-22;0.349767206049459;0
CADI_POP1;2016;11;-1.51101776049143;42.2369;1.7043;2357;98.7075205433455;0.20833333;15.2866335396384;16.6666666666667
CADI_POP1;2016;12;-2.28590299979402;42.2369;1.7043;2357;19.447171007696;0.07560484;31.4218380291009;37.5
CADI_POP1;2017;1;-3.34814571804101;42.2369;1.7043;2357;61.5377357984608;5.947581;70.1876113641673;23.0769230769231
CADI_POP1;2017;2;-0.638913624643832;42.2369;1.7043;2357;86.718976948052;3.1424387;127.112043873393;100
CADI_POP1;2017;3;1.45581127436111;42.2369;1.7043;2357;88.790990998816;1.905872;135.540754224053;30
CADI_POP1;2017;4;2.82041424116344;42.2369;1.7043;2357;90.4888535936286;0.56966144;177.994338658751;6.25
CADI_POP1;2017;5;8.24998493138282;42.2369;1.7043;2357;85.310924074074;0.031502016;92.5515518439518;0
CADI_POP1;2017;6;13.1108698155449;42.2369;1.7043;2357;61.8204405363155;-7.345365e-22;12.0045496597706;0
CADI_POP1;2017;7;11.7107817770777;42.2369;1.7043;2357;42.2822846560846;-7.345365e-22;0.0003809523809523;0
CADI_POP1;2017;8;11.6154826745694;42.2369;1.7043;2357;43.6961589345839;-7.345365e-22;6.34920634920635e-05;0
CADI_POP1;2017;9;8.28062300964005;42.2369;1.7043;2357;72.1008334656084;-7.345365e-22;0.12530701337052;0
CADI_POP1;2017;10;7.74705909001307;42.2369;1.7043;2357;36.1706937950938;-7.345365e-22;0.349767206049459;0
CADI_POP1;2017;11;0.874026700802182;42.2369;1.7043;2357;21.1894041523292;0.14648438;12.9684103545146;0
CADI_POP1;2017;12;-1.2273650549434;42.2369;1.7043;2357;32.2637539284789;1.1781754;42.4038989772711;21.4285714285714
CADI_POP1;2018;1;-0.894716649452836;42.2369;1.7043;2357;66.1789322261072;4.2559223;68.1631013461647;66.6666666666667
CADI_POP1;2018;2;-4.53406764058115;42.2369;1.7043;2357;91.9750974442225;16.510881;148.050070483022;91.6666666666667
CADI_POP1;2018;3;-1.55383796940974;42.2369;1.7043;2357;90.2500238696488;6.5335183;171.336470546076;100
CADI_POP1;2018;4;2.86449811111843;42.2369;1.7043;2357;153.204646536796;2.1907551;152.87496763986;75
CADI_POP1;2018;5;5.76749253509879;42.2369;1.7043;2357;149.235075698376;0.2016129;111.094039025354;0
CADI_POP1;2018;6;11.4424677325552;42.2369;1.7043;2357;67.0425389175639;-7.345365e-22;12.0045496597706;0
CADI_POP1;2018;7;11.6023284368473;42.2369;1.7043;2357;81.3509862073113;-7.345365e-22;0.0003809523809523;0
CADI_POP1;2018;8;13.3483828013283;42.2369;1.7043;2357;84.7169548460799;-7.345365e-22;6.34920634920635e-05;0
CADI_POP1;2018;9;11.5435880120099;42.2369;1.7043;2357;48.034782963333;-7.345365e-22;0.12530701337052;0
CADI_POP1;2018;10;5.20517745433035;42.2369;1.7043;2357;161.743764968365;0.68989414;2.62033098745119;0
CADI_POP1;2018;11;1.53550380349403;42.2369;1.7043;2357;94.3474429773929;1.3736979;15.5499476067663;100
CADI_POP1;2018;12;0.726804847683555;42.2369;1.7043;2357;23.1197491018241;0.13545866;30.4372921743593;0
CADI_POP1;2019;1;-2.93475601989546;42.2369;1.7043;2357;32.675447018722;2.7942288;65.5874371130667;6.25
CADI_POP1;2019;2;0.30708783336438;42.2369;1.7043;2357;18.7434700817701;1.9356863;110.297167809496;18.1818181818182
CADI_POP1;2019;3;1.24006091177888;42.2369;1.7043;2357;3.39188647278647;0.03780242;143.537395449858;0
CADI_POP1;2019;4;1.39877271746984;42.2369;1.7043;2357;88.8365083675584;0.60221356;177.789941515148;75
CADI_POP1;2019;5;4.34988569408828;42.2369;1.7043;2357;85.5931311447812;0.0031502016;89.6209799182178;0
CADI_POP1;2019;6;12.055381440985;42.2369;1.7043;2357;57.9008276501276;-7.345365e-22;12.0045496597706;0
CADI_POP1;2019;7;11.6563653233411;42.2369;1.7043;2357;76.0312879028379;-7.345365e-22;0.0003809523809523;0
CADI_POP1;2019;8;11.3498421737292;42.2369;1.7043;2357;42.3159231601732;-7.345365e-22;6.34920634920635e-05;0
CADI_POP1;2019;9;10.2374514756877;42.2369;1.7043;2357;52.4526837255337;-7.345365e-22;0.12530701337052;0
CADI_POP1;2019;10;6.63757096775912;42.2369;1.7043;2357;101.51058449976;-7.345365e-22;0.349767206049459;0
CADI_POP1;2019;11;-0.645268366151807;42.2369;1.7043;2357;86.4556591149591;1.4290365;15.267972257966;36.3636363636364
CADI_POP1;2019;12;0.580142962670366;42.2369;1.7043;2357;89.5191675380175;0.61428934;32.6803421349311;6.25
CADI_POP1;2020;1;-0.912309215855409;42.2369;1.7043;2357;93.071168036593;3.9030998;68.125370794876;23.0769230769231
CADI_POP1;2020;2;1.47609500182095;42.2369;1.7043;2357;3.85841398601399;0.22561961;127.548870446688;44.4444444444444
CADI_POP1;2020;3;-0.166992439297348;42.2369;1.7043;2357;68.495734468772;1.7987651;135.241325023177;0
CADI_POP1;2020;4;3.04891624542167;42.2369;1.7043;2357;63.2721391617641;0.31575522;172.605222464187;100
CADI_POP1;2020;5;8.46388325461625;42.2369;1.7043;2357;91.2951682040182;-7.345365e-22;89.597830137254;11.1111111111111
CADI_POP1;2020;6;8.76025536234902;42.2369;1.7043;2357;126.516624358049;-7.345365e-22;12.0045496597706;0
CADI_POP1;2020;7;13.2739425244471;42.2369;1.7043;2357;89.2090827922078;-7.345365e-22;0.0003809523809523;0
CADI_POP1;2020;8;13.1560439346352;42.2369;1.7043;2357;100.455994901395;-7.345365e-22;6.34920634920635e-05;0
CADI_POP1;2020;9;8.27170759182317;42.2369;1.7043;2357;39.0393091991342;-7.345365e-22;0.12530701337052;0
CADI_POP1;2020;10;3.70571177026634;42.2369;1.7043;2357;50.3630517316018;0.04410282;1.00994617120191;0
CADI_POP1;2020;11;2.40291667192119;42.2369;1.7043;2357;80.2713843554593;-7.345365e-22;10.4404187213435;5.55555555555556
CADI_POP1;2020;12;-0.935201397164924;42.2369;1.7043;2357;19.447171007696;1.3041835;34.1138602187083;20
CADI_POP2;2000;1;-2.89529817156469;42.2773;1.6876;2306;4.47493590668591;0.7686492;67.6334801773373;NA
CADI_POP2;2000;2;0.568336315972679;42.2773;1.6876;2306;28.0215926554927;0.626347;129.170550601415;0
CADI_POP2;2000;3;0.0296305073214779;42.2773;1.6876;2306;62.1247416666666;1.2537802;151.604880597005;0
CADI_POP2;2000;4;1.35526203962156;42.2773;1.6876;2306;80.5001427729678;1.2044271;169.550294384518;75
CADI_POP2;2000;5;7.94318080825601;42.2773;1.6876;2306;91.4624224849225;0.009450605;87.9652303571387;0
CADI_POP2;2000;6;11.1395722539597;42.2773;1.6876;2306;98.5566694185445;0.1529948;28.7141038267052;0
CADI_POP2;2000;7;11.989626890328;42.2773;1.6876;2306;42.6537409211159;-7.345365e-22;0.0019631746031746;0
CADI_POP2;2000;8;13.381267486046;42.2773;1.6876;2306;43.4279247531336;-7.345365e-22;6.34920634920635e-05;0
CADI_POP2;2000;9;9.6280669625011;42.2773;1.6876;2306;93.8144613377364;-7.345365e-22;0.116604784094747;0
CADI_POP2;2000;10;4.9690127056367;42.2773;1.6876;2306;43.6181570623821;0.25516632;2.8774901913681;0
CADI_POP2;2000;11;0.705566008627274;42.2773;1.6876;2306;51.5085950817701;0.34179688;15.3418421557734;40
CADI_POP2;2000;12;-0.913298164743722;42.2773;1.6876;2306;87.3594084952085;2.375252;26.4146813557924;66.6666666666667
CADI_POP2;2001;1;-3.46488939065756;42.2773;1.6876;2306;73.4045261002886;8.111769;80.9380255847747;100
CADI_POP2;2001;2;-2.00831803621675;42.2773;1.6876;2306;19.3180593351093;3.1459262;125.120982649981;100
CADI_POP2;2001;3;1.92257803181314;42.2773;1.6876;2306;80.21776499519;0.875756;161.556221547892;0
CADI_POP2;2001;4;1.72662224363219;42.2773;1.6876;2306;67.7089576479077;0.91471356;176.914148743013;0
CADI_POP2;2001;5;5.89575950683775;42.2773;1.6876;2306;93.3203371813371;0.18271169;107.530842836801;0
CADI_POP2;2001;6;11.8560805572822;42.2773;1.6876;2306;22.7053607420357;-7.345365e-22;8.49647301397878;0
CADI_POP2;2001;7;12.0194057593038;42.2773;1.6876;2306;78.1942211843712;-7.345365e-22;0.0019631746031746;0
CADI_POP2;2001;8;13.7162397749166;42.2773;1.6876;2306;49.5740231980982;-7.345365e-22;6.34920634920635e-05;0
CADI_POP2;2001;9;8.29564838235343;42.2773;1.6876;2306;43.5271853174603;-7.345365e-22;0.116604784094747;0
CADI_POP2;2001;10;6.78235644638398;42.2773;1.6876;2306;45.5600991175491;-7.345365e-22;0.339332313440416;0
CADI_POP2;2001;11;-0.620936974646571;42.2773;1.6876;2306;72.83489997595;7.4674478;26.7235621305854;60
CADI_POP2;2001;12;-1.39576617659443;42.2773;1.6876;2306;33.7145311512562;5.708165;36.9526780459727;94.1176470588235
CADI_POP2;2002;1;-2.70278876604764;42.2773;1.6876;2306;18.4103467449218;3.811744;66.1519357329453;80
CADI_POP2;2002;2;-0.542032284118312;42.2773;1.6876;2306;33.714049952825;2.8773715;109.817199828504;10
CADI_POP2;2002;3;1.07368575029191;42.2773;1.6876;2306;34.7435268481518;0.8663055;161.556221547892;25
CADI_POP2;2002;4;1.86169623018486;42.2773;1.6876;2306;92.8255372340623;2.2265625;151.374626415395;62.5
CADI_POP2;2002;5;4.81503246988698;42.2773;1.6876;2306;88.4783772607023;0.4032258;125.417992524334;22.2222222222222
CADI_POP2;2002;6;11.7235944661999;42.2773;1.6876;2306;94.4616044002295;0.21809895;29.7120985184811;0
CADI_POP2;2002;7;11.9968311229472;42.2773;1.6876;2306;85.8410966570467;-7.2791904e-22;0.0019631746031746;0
CADI_POP2;2002;8;10.835222917718;42.2773;1.6876;2306;92.1393833148333;-7.2791904e-22;6.34920634920635e-05;7.14285714285714
CADI_POP2;2002;9;7.90135181582599;42.2773;1.6876;2306;61.0550462148962;-7.2791904e-22;0.116604784094747;0
CADI_POP2;2002;10;5.2400885544518;42.2773;1.6876;2306;83.3808831048581;0.009450605;0.677739025579157;0
CADI_POP2;2002;11;0.359789481699039;42.2773;1.6876;2306;86.3835958865209;0.8691406;15.1194244341043;41.6666666666667
CADI_POP2;2002;12;-1.36803190926593;42.2773;1.6876;2306;51.810613973064;10.972152;67.1366496251403;100
CADI_POP2;2003;1;-3.69874537843438;42.2773;1.6876;2306;41.4074436988937;6.1334424;69.8931727600048;91.6666666666667
CADI_POP2;2003;2;-6.53316198149069;42.2773;1.6876;2306;90.453092026492;23.186384;158.51991730967;100
CADI_POP2;2003;3;0.177790612809804;42.2773;1.6876;2306;37.7236762875469;5.821573;165.182691801793;92.8571428571429
CADI_POP2;2003;4;2.22145815698047;42.2773;1.6876;2306;41.9692508537759;1.1588541;168.905869893167;71.4285714285714
CADI_POP2;2003;5;7.72145107752949;42.2773;1.6876;2306;86.3374451899952;0.26146674;123.150385742476;0
CADI_POP2;2003;6;13.4666358591423;42.2773;1.6876;2306;60.1284507816258;-7.2791904e-22;8.49647301397878;0
CADI_POP2;2003;7;13.1166722959238;42.2773;1.6876;2306;53.1146606782106;-7.2791904e-22;0.0019631746031746;0
CADI_POP2;2003;8;13.7807327530465;42.2773;1.6876;2306;58.7817952112702;-7.3026714e-22;6.34920634920635e-05;0
CADI_POP2;2003;9;8.65845029926104;42.2773;1.6876;2306;126.169068130018;-7.345365e-22;0.116604784094747;0
CADI_POP2;2003;10;4.06244659219835;42.2773;1.6876;2306;83.4365407869909;0.11655746;0.90687649259747;0
CADI_POP2;2003;11;2.37540497623459;42.2773;1.6876;2306;82.5759267195767;0.3059896;15.3395915245115;100
CADI_POP2;2003;12;-0.955379984173631;42.2773;1.6876;2306;90.1972708152958;17.861643;107.597287274147;100
CADI_POP2;2004;1;-2.93764247621498;42.2773;1.6876;2306;28.9456987364487;7.330519;72.6512774429721;90.9090909090909
CADI_POP2;2004;2;-3.16405809954439;42.2773;1.6876;2306;55.0304753246753;5.3340516;117.514323497027;27.2727272727273
CADI_POP2;2004;3;-1.14914563893711;42.2773;1.6876;2306;90.8761253487253;2.8068297;139.84264874855;100
CADI_POP2;2004;4;1.22959275610449;42.2773;1.6876;2306;84.0435604007105;1.8457031;151.033143849817;100
CADI_POP2;2004;5;4.58430890511817;42.2773;1.6876;2306;86.6350933140933;0.08505544;100.651404499148;33.3333333333333
CADI_POP2;2004;6;11.598182245945;42.2773;1.6876;2306;63.5553413780664;-7.2791904e-22;8.49647301397878;0
CADI_POP2;2004;7;12.300181697194;42.2773;1.6876;2306;63.7975776825027;-7.306941e-22;0.0019631746031746;0
CADI_POP2;2004;8;13.3562040518379;42.2773;1.6876;2306;97.2020952020202;-7.345365e-22;6.34920634920635e-05;0
CADI_POP2;2004;9;10.2256595230054;42.2773;1.6876;2306;58.8415923761425;-7.345365e-22;0.116604784094747;0
CADI_POP2;2004;10;6.05976658507972;42.2773;1.6876;2306;48.9777315980316;0.11340726;0.903363851695699;0
CADI_POP2;2004;11;0.847158553566898;42.2773;1.6876;2306;16.7040721981722;0.93098956;14.7297953615446;6.66666666666667
CADI_POP2;2004;12;-0.906666440036005;42.2773;1.6876;2306;42.1015306138306;1.4112903;28.827767891264;92.3076923076923
CADI_POP2;2005;1;-2.93382460287346;42.2773;1.6876;2306;27.42426498594;3.6825857;65.9280950043958;0
CADI_POP2;2005;2;-4.99206944222431;42.2773;1.6876;2306;33.9320323368897;12.018694;140.959514028693;83.3333333333333
CADI_POP2;2005;3;-0.385827984601099;42.2773;1.6876;2306;27.6480080623081;4.388231;167.104530579734;54.5454545454545
CADI_POP2;2005;4;2.08995556451078;42.2773;1.6876;2306;34.7198207671958;0.69661456;176.533882079853;12.5
CADI_POP2;2005;5;8.28851770703111;42.2773;1.6876;2306;61.4652574185074;0.03780242;92.596041501944;0
CADI_POP2;2005;6;13.1587787770749;42.2773;1.6876;2306;84.4944206349206;-7.345365e-22;8.49647301397878;0
CADI_POP2;2005;7;13.5159529032566;42.2773;1.6876;2306;62.7388525705775;-7.345365e-22;0.0019631746031746;0
CADI_POP2;2005;8;11.9570563678773;42.2773;1.6876;2306;51.9834715367966;-7.345365e-22;6.34920634920635e-05;0
CADI_POP2;2005;9;8.97499917088664;42.2773;1.6876;2306;89.8736038119288;-7.345365e-22;0.116604784094747;0
CADI_POP2;2005;10;5.86518630630605;42.2773;1.6876;2306;99.6539055241056;0.0063004033;0.617489186461922;0
CADI_POP2;2005;11;0.797777571358961;42.2773;1.6876;2306;42.6368262783513;1.4192709;15.5384007932009;70.5882352941177
CADI_POP2;2005;12;-1.97881876727357;42.2773;1.6876;2306;32.9480261433011;4.325227;34.0663155575229;100
CADI_POP2;2006;1;-3.34610364271715;42.2773;1.6876;2306;90.9966460372961;7.96371;80.6300305006422;100
CADI_POP2;2006;2;-3.1059936707285;42.2773;1.6876;2306;15.6701475468976;17.292131;140.935214813456;100
CADI_POP2;2006;3;0.188003060037428;42.2773;1.6876;2306;46.1360360750361;3.3707156;176.841107662385;100
CADI_POP2;2006;4;4.09841000741923;42.2773;1.6876;2306;33.3524519240019;0.009765625;150.549991173535;37.5
CADI_POP2;2006;5;9.06013521727863;42.2773;1.6876;2306;32.3887679080179;-7.345365e-22;87.9571048563171;0
CADI_POP2;2006;6;12.1263236895151;42.2773;1.6876;2306;49.3266008056758;-7.345365e-22;8.49647301397878;0
CADI_POP2;2006;7;13.7871192421764;42.2773;1.6876;2306;80.0178336062086;-7.345365e-22;0.0019631746031746;6.66666666666667
CADI_POP2;2006;8;11.9552238338448;42.2773;1.6876;2306;62.1081197903948;-7.345365e-22;6.34920634920635e-05;0
CADI_POP2;2006;9;9.78683725448103;42.2773;1.6876;2306;95.7642483146484;-7.345365e-22;0.116604784094747;0
CADI_POP2;2006;10;6.93631741615385;42.2773;1.6876;2306;48.8663204785955;0.0031502016;0.33648857479157;0
CADI_POP2;2006;11;3.26033344658307;42.2773;1.6876;2306;19.9236218170718;0.022786459;13.7129875550898;0
CADI_POP2;2006;12;-0.73872542083789;42.2773;1.6876;2306;23.0212374616125;0.718246;32.8604434098058;16.6666666666667
CADI_POP2;2007;1;0.155580192716136;42.2773;1.6876;2306;17.7442341750842;0.7717994;67.8843236965915;6.66666666666667
CADI_POP2;2007;2;-0.575864574193969;42.2773;1.6876;2306;35.8390291918866;0.93819755;127.229730594112;22.2222222222222
CADI_POP2;2007;3;-0.947123149381858;42.2773;1.6876;2306;41.666435467256;2.608367;139.449286008604;0
CADI_POP2;2007;4;3.21429472100008;42.2773;1.6876;2306;89.8885113738114;1.3346354;168.406903924218;100
CADI_POP2;2007;5;6.72975347269122;42.2773;1.6876;2306;86.7258941919191;0.18271169;107.530842836801;9.09090909090909
CADI_POP2;2007;6;11.0674122518861;42.2773;1.6876;2306;55.1158004930255;-7.345365e-22;8.49647301397878;0
CADI_POP2;2007;7;13.6480837464859;42.2773;1.6876;2306;41.5591645141895;-7.345365e-22;0.0019631746031746;0
CADI_POP2;2007;8;12.1736130877368;42.2773;1.6876;2306;83.6544860630111;-7.345365e-22;6.34920634920635e-05;0
CADI_POP2;2007;9;9.79145514689298;42.2773;1.6876;2306;37.5862705609205;0.016276041;0.641382847435561;0
CADI_POP2;2007;10;5.29956764372217;42.2773;1.6876;2306;48.9443166185666;0.07245464;0.966691195271453;0
CADI_POP2;2007;11;0.905551084146793;42.2773;1.6876;2306;35.7053612156362;0.1953125;13.9749149576134;0
CADI_POP2;2007;12;-1.30013740414198;42.2773;1.6876;2306;18.7870781024531;1.203377;41.7050617534528;5.88235294117647
CADI_POP2;2008;1;-0.311710935300401;42.2773;1.6876;2306;33.1227109288859;2.5359123;64.5116536045696;25
CADI_POP2;2008;2;-0.575864574193969;42.2773;1.6876;2306;35.8390291918866;1.9261854;109.489786634021;10
CADI_POP2;2008;3;-0.975346354707131;42.2773;1.6876;2306;61.2418804232804;2.96749;139.899430208255;11.1111111111111
CADI_POP2;2008;4;1.71782147449979;42.2773;1.6876;2306;95.1774765771265;1.1263021;168.951081582318;25
CADI_POP2;2008;5;5.63473847262674;42.2773;1.6876;2306;218.29072481315;0.015751008;87.9652303571387;0
CADI_POP2;2008;6;9.43874087204295;42.2773;1.6876;2306;97.0073485995486;-7.345365e-22;8.49647301397878;0
CADI_POP2;2008;7;13.225240525113;42.2773;1.6876;2306;51.9176505263255;-7.345365e-22;0.0019631746031746;0
CADI_POP2;2008;8;12.882820550081;42.2773;1.6876;2306;49.174398007548;-7.345365e-22;6.34920634920635e-05;0
CADI_POP2;2008;9;8.29206363896406;42.2773;1.6876;2306;51.334728968254;0.0065104165;0.571781998219686;0
CADI_POP2;2008;10;5.18790420705698;42.2773;1.6876;2306;91.8539997095498;1.921623;7.62443255864472;0
CADI_POP2;2008;11;-0.74523906752369;42.2773;1.6876;2306;89.6466381673881;3.5221355;20.8711550522898;100
CADI_POP2;2008;12;-1.78701932098251;42.2773;1.6876;2306;43.7309454785955;11.460433;68.3263804556231;100
CADI_POP2;2009;1;-3.20364781653829;42.2773;1.6876;2306;41.2603583055833;26.376638;92.660297040932;100
CADI_POP2;2009;2;-2.08683754293007;42.2773;1.6876;2306;47.2930887085137;28.707449;157.108608617546;100
CADI_POP2;2009;3;0.18717693100517;42.2773;1.6876;2306;47.75466494709;3.3486643;167.409000839064;72.2222222222222
CADI_POP2;2009;4;0.995303921060706;42.2773;1.6876;2306;87.8252450438451;1.546224;150.648125893292;100
CADI_POP2;2009;5;9.22164933937688;42.2773;1.6876;2306;57.2357153365154;0.025201613;90.7455514623306;18.1818181818182
CADI_POP2;2009;6;11.7352729865962;42.2773;1.6876;2306;86.3829745430496;-7.345365e-22;8.49647301397878;0
CADI_POP2;2009;7;13.6143726409764;42.2773;1.6876;2306;61.957597017797;-7.345365e-22;0.0019631746031746;0
CADI_POP2;2009;8;13.0483516901217;42.2773;1.6876;2306;98.0345833934585;-7.345365e-22;6.34920634920635e-05;0
CADI_POP2;2009;9;9.04038309761872;42.2773;1.6876;2306;64.619878030303;-7.345365e-22;0.116604784094747;0
CADI_POP2;2009;10;6.18021443292743;42.2773;1.6876;2306;80.704292051467;0.012600807;0.677429048482215;4.76190476190476
CADI_POP2;2009;11;2.65646191880351;42.2773;1.6876;2306;32.5302128186628;0.7324219;14.4355089998335;9.09090909090909
CADI_POP2;2009;12;-1.17885475775132;42.2773;1.6876;2306;87.6975857623857;4.5173893;34.0444672033117;50
CADI_POP2;2010;1;-3.3365191202796;42.2773;1.6876;2306;38.9061500804751;21.811996;92.473122273709;100
CADI_POP2;2010;2;-3.62465538005121;42.2773;1.6876;2306;47.3264537018537;24.522182;157.934318478735;100
CADI_POP2;2010;3;-1.98371652563437;42.2773;1.6876;2306;89.8669262506012;15.190272;180.285973315589;100
CADI_POP2;2010;4;2.18300551742893;42.2773;1.6876;2306;44.0672200548906;0.88216144;177.644061966407;50
CADI_POP2;2010;5;4.53211090033275;42.2773;1.6876;2306;87.1722943944944;1.4553932;151.989016497663;0
CADI_POP2;2010;6;8.67397214137955;42.2773;1.6876;2306;151.148173894624;0.0032552083;8.97598777994449;0
CADI_POP2;2010;7;13.6829250384058;42.2773;1.6876;2306;89.9261931697932;-7.345365e-22;0.0019631746031746;0
CADI_POP2;2010;8;12.2486197382667;42.2773;1.6876;2306;50.7153244468495;-7.345365e-22;6.34920634920635e-05;0
CADI_POP2;2010;9;8.5021640156767;42.2773;1.6876;2306;82.9160586700337;-7.345365e-22;0.116604784094747;0
CADI_POP2;2010;10;5.11295401312897;42.2773;1.6876;2306;88.8956221963223;0.091355845;0.908910533957177;0
CADI_POP2;2010;11;0.0374198147448723;42.2773;1.6876;2306;35.1821368446369;1.6438802;14.8753185445295;0
CADI_POP2;2010;12;-1.44816865235987;42.2773;1.6876;2306;43.7309454785955;2.9643397;28.7371271868888;42.8571428571429
CADI_POP2;2011;1;-2.95866272864714;42.2773;1.6876;2306;32.8598355107855;1.6192037;65.1310208561764;40
CADI_POP2;2011;2;-0.326443374331454;42.2773;1.6876;2306;14.6951713684464;3.0273438;122.623358719568;45.4545454545455
CADI_POP2;2011;3;-0.192511362084966;42.2773;1.6876;2306;86.3637470473971;2.4351058;135.127263193192;62.5
CADI_POP2;2011;4;5.82014420287381;42.2773;1.6876;2306;47.0011897186147;-7.345365e-22;150.597954883212;8.33333333333333
CADI_POP2;2011;5;8.18544792678271;42.2773;1.6876;2306;89.1112695276946;-7.345365e-22;87.9571048563171;0
CADI_POP2;2011;6;9.78858932655528;42.2773;1.6876;2306;98.2005003228254;0.009765625;9.00892720947974;0
CADI_POP2;2011;7;11.8579214205726;42.2773;1.6876;2306;90.2183876863876;-7.345365e-22;0.0019631746031746;0
CADI_POP2;2011;8;13.4529804466182;42.2773;1.6876;2306;48.6901418710919;-7.345365e-22;6.34920634920635e-05;0
CADI_POP2;2011;9;11.5623082844813;42.2773;1.6876;2306;51.2649758658009;-7.345365e-22;0.116604784094747;0
CADI_POP2;2011;10;6.04046085191227;42.2773;1.6876;2306;51.4341914862915;0.0031502016;0.33648857479157;0
CADI_POP2;2011;11;2.5840540552179;42.2773;1.6876;2306;102.249292652718;0.061848957;12.2441882069721;0
CADI_POP2;2011;12;0.501899706113916;42.2773;1.6876;2306;20.5982837782588;0.48828125;31.3098974076531;0
CADI_POP2;2012;1;-1.04794990078388;42.2773;1.6876;2306;4.47493590668591;0.46938005;67.2309396592212;0
CADI_POP2;2012;2;-4.92619883679379;42.2773;1.6876;2306;8.11670008417509;3.2462285;127.56611771842;0
CADI_POP2;2012;3;0.895097488591648;42.2773;1.6876;2306;85.4632427128427;0.797001;161.434147181754;26.0869565217391
CADI_POP2;2012;4;0.810347841387749;42.2773;1.6876;2306;89.8105087181337;0.8105469;177.521987600268;100
CADI_POP2;2012;5;6.89676488064734;42.2773;1.6876;2306;93.411850012025;0.11655746;103.443882993559;0
CADI_POP2;2012;6;12.3885953754628;42.2773;1.6876;2306;42.8808236531987;-7.345365e-22;8.49647301397878;0
CADI_POP2;2012;7;13.2204996756467;42.2773;1.6876;2306;40.0218413438413;-7.345365e-22;0.0019631746031746;0
CADI_POP2;2012;8;13.986857437426;42.2773;1.6876;2306;51.0110642394642;-7.345365e-22;6.34920634920635e-05;0
CADI_POP2;2012;9;9.56987811798169;42.2773;1.6876;2306;83.2476247835498;0.0032552083;0.263233130457499;0
CADI_POP2;2012;10;6.02708366906816;42.2773;1.6876;2306;91.8878666546417;0.2110635;2.27497204611746;0
CADI_POP2;2012;11;1.83203973553373;42.2773;1.6876;2306;50.4715046416547;0.7714844;16.1708064045928;0
CADI_POP2;2012;12;0.146702982185284;42.2773;1.6876;2306;14.6356757215007;2.1137853;26.2163248357721;0
CADI_POP2;2013;1;-1.36588145613005;42.2773;1.6876;2306;73.2930677669552;6.3224545;69.9313513535037;41.6666666666667
CADI_POP2;2013;2;-3.81219710021718;42.2773;1.6876;2306;32.6274722471973;8.070592;126.542700243296;33.3333333333333
CADI_POP2;2013;3;-1.27385896672847;42.2773;1.6876;2306;84.5699386548637;4.044859;181.577154617736;100
CADI_POP2;2013;4;1.86483825220678;42.2773;1.6876;2306;101.895754856255;1.9759115;151.987643477227;87.5
CADI_POP2;2013;5;3.26996150179879;42.2773;1.6876;2306;86.4023629971881;0.3937752;125.417992524334;25
CADI_POP2;2013;6;9.28702656557428;42.2773;1.6876;2306;55.3590960197211;0.016276041;35.8977287599744;0
CADI_POP2;2013;7;13.1551219111247;42.2773;1.6876;2306;127.369329785955;-7.345365e-22;0.0019631746031746;0
CADI_POP2;2013;8;12.9587910088916;42.2773;1.6876;2306;61.1558103655603;-7.345365e-22;6.34920634920635e-05;0
CADI_POP2;2013;9;9.89731311908405;42.2773;1.6876;2306;51.3519872655123;-7.345365e-22;0.116604784094747;0
CADI_POP2;2013;10;7.00130050228151;42.2773;1.6876;2306;32.4289822066822;0.06300403;0.957669679499696;0
CADI_POP2;2013;11;0.74153523763935;42.2773;1.6876;2306;68.1011822991824;4.9804688;20.3588902100211;57.1428571428571
CADI_POP2;2013;12;0.141702901974837;42.2773;1.6876;2306;27.7022221620972;4.5047884;34.0444672033117;90
CADI_POP2;2014;1;-0.701175894112618;42.2773;1.6876;2306;76.6159537416288;2.690272;64.5116536045696;100
CADI_POP2;2014;2;-1.64809149712436;42.2773;1.6876;2306;48.9640825156325;5.4722376;117.514323497027;100
CADI_POP2;2014;3;0.0163630059749237;42.2773;1.6876;2306;33.9127737697488;2.3027973;134.111015676425;54.5454545454545
CADI_POP2;2014;4;4.44123337203144;42.2773;1.6876;2306;84.2440804223555;0.08138021;155.868928023244;27.2727272727273
CADI_POP2;2014;5;5.82476708365754;42.2773;1.6876;2306;61.3930245643245;0.028351815;90.9102139473963;0
CADI_POP2;2014;6;10.9240222124679;42.2773;1.6876;2306;99.714599020424;-7.345365e-22;8.49647301397878;0
CADI_POP2;2014;7;11.9702846281008;42.2773;1.6876;2306;102.859359872535;-7.345365e-22;0.0019631746031746;0
CADI_POP2;2014;8;12.2995990704097;42.2773;1.6876;2306;126.10145002405;-7.345365e-22;6.34920634920635e-05;0
CADI_POP2;2014;9;9.86202557683068;42.2773;1.6876;2306;98.5229213564214;-7.345365e-22;0.116604784094747;0
CADI_POP2;2014;10;6.88611556054109;42.2773;1.6876;2306;51.1329043595293;-7.345365e-22;0.339332313440416;0
CADI_POP2;2014;11;2.2998563384792;42.2773;1.6876;2306;175.638392532467;0.1953125;13.9749149576134;25
CADI_POP2;2014;12;0.36021462295054;42.2773;1.6876;2306;15.857921031746;1.9909275;26.2127078023665;66.6666666666667
CADI_POP2;2015;1;-2.46235875085411;42.2773;1.6876;2306;34.1058772912273;3.175403;65.5653741457909;21.4285714285714
CADI_POP2;2015;2;-3.88242481249842;42.2773;1.6876;2306;26.70199000074;11.610631;140.415433579884;33.3333333333333
CADI_POP2;2015;3;1.06079867101006;42.2773;1.6876;2306;42.466535040885;2.1515877;133.926188019593;44.4444444444444
CADI_POP2;2015;4;4.08779731633171;42.2773;1.6876;2306;52.9733349206349;0.026041666;150.8364776132;0
CADI_POP2;2015;5;9.06643824699328;42.2773;1.6876;2306;39.445332948533;0.012600807;87.9652303571387;0
CADI_POP2;2015;6;11.5906812471738;42.2773;1.6876;2306;162.247318474118;-7.345365e-22;8.49647301397878;0
CADI_POP2;2015;7;14.8352457400643;42.2773;1.6876;2306;95.5688452982203;-7.345365e-22;0.0019631746031746;0
CADI_POP2;2015;8;13.2214636866193;42.2773;1.6876;2306;130.970959559885;-7.345365e-22;6.34920634920635e-05;0
CADI_POP2;2015;9;8.35131003605088;42.2773;1.6876;2306;79.5280242664742;-7.345365e-22;0.116604784094747;0
CADI_POP2;2015;10;5.47996174980828;42.2773;1.6876;2306;42.8326434898435;-7.345365e-22;0.339332313440416;0
CADI_POP2;2015;11;2.75593210126988;42.2773;1.6876;2306;82.1280542550044;1.3313802;15.8203761420011;0
CADI_POP2;2015;12;0.848001460251934;42.2773;1.6876;2306;4.36144966329967;0.66154236;31.8180988144609;0
CADI_POP2;2016;1;-0.0721221298616163;42.2773;1.6876;2306;14.2308335137085;1.25063;67.1750138884581;50
CADI_POP2;2016;2;-1.13474917590435;42.2773;1.6876;2306;83.5272125661375;2.114763;108.468556081302;37.5
CADI_POP2;2016;3;-1.10968735742896;42.2773;1.6876;2306;42.2818263107263;3.175403;158.724678689326;100
CADI_POP2;2016;4;2.13590559552736;42.2773;1.6876;2306;89.7056983146484;0.78776044;177.521987600268;50
CADI_POP2;2016;5;5.8291797941295;42.2773;1.6876;2306;86.2208295685797;0.015751008;87.9652303571387;0
CADI_POP2;2016;6;10.8575920365069;42.2773;1.6876;2306;87.9938621572872;-7.345365e-22;8.49647301397878;0
CADI_POP2;2016;7;13.1180868725841;42.2773;1.6876;2306;62.0093367604617;-7.345365e-22;0.0019631746031746;0
CADI_POP2;2016;8;13.554256226757;42.2773;1.6876;2306;50.3769355662856;-7.345365e-22;6.34920634920635e-05;0
CADI_POP2;2016;9;4.54334584722054;42.2773;1.6876;2306;75.9240157527658;-7.345365e-22;0.116604784094747;0
CADI_POP2;2016;10;3.57355527703799;42.2773;1.6876;2306;87.2781161255411;-7.345365e-22;0.339332313440416;0
CADI_POP2;2016;11;-1.16801934416977;42.2773;1.6876;2306;98.7890578449329;0.46875;14.5711467438939;20
CADI_POP2;2016;12;-1.87688335382251;42.2773;1.6876;2306;20.5982837782588;0.11340726;28.8383781727505;100
CADI_POP2;2017;1;-3.55465269511697;42.2773;1.6876;2306;71.0758734298109;9.652218;82.7281389209863;100
CADI_POP2;2017;2;-0.910003203364416;42.2773;1.6876;2306;83.1434310846561;9.057617;128.134692139683;100
CADI_POP2;2017;3;1.59003418492125;42.2773;1.6876;2306;91.5931278980279;2.7942288;139.84264874855;90.9090909090909
CADI_POP2;2017;4;3.03609727092912;42.2773;1.6876;2306;92.4483505790505;0.8235677;177.602024746038;14.2857142857143
CADI_POP2;2017;5;8.27749944560231;42.2773;1.6876;2306;83.6843379028379;0.06300403;95.324216736517;0
CADI_POP2;2017;6;13.2150667861798;42.2773;1.6876;2306;61.1743192881193;-7.345365e-22;8.49647301397878;0
CADI_POP2;2017;7;13.7361148060888;42.2773;1.6876;2306;41.720801058201;-7.345365e-22;0.0019631746031746;0
CADI_POP2;2017;8;13.7529820405603;42.2773;1.6876;2306;43.2789517917268;-7.345365e-22;6.34920634920635e-05;0
CADI_POP2;2017;9;8.29326994846574;42.2773;1.6876;2306;64.7154281866282;0.009765625;0.650140075964153;0
CADI_POP2;2017;10;7.2128661134752;42.2773;1.6876;2306;39.2388393023643;-7.345365e-22;0.339332313440416;0
CADI_POP2;2017;11;0.80681335777111;42.2773;1.6876;2306;31.000418013468;0.41666666;14.6984933070164;0
CADI_POP2;2017;12;-1.78512947493353;42.2773;1.6876;2306;35.2939278823029;2.419355;26.4146813557924;58.3333333333333
CADI_POP2;2018;1;-1.19662494865273;42.2773;1.6876;2306;74.9040241883117;7.065902;72.6512774429721;86.6666666666667
CADI_POP2;2018;2;-4.75785641720054;42.2773;1.6876;2306;91.4068413595664;20.152065;142.173335082165;100
CADI_POP2;2018;3;-1.57348088622082;42.2773;1.6876;2306;87.3921826118325;8.915071;172.493684917955;100
CADI_POP2;2018;4;3.57703029372886;42.2773;1.6876;2306;155.709300901876;3.8085938;199.787767525624;100
CADI_POP2;2018;5;5.65084662025055;42.2773;1.6876;2306;149.480985690236;0.34967238;125.542084032045;33.3333333333333
CADI_POP2;2018;6;11.443804728739;42.2773;1.6876;2306;66.6065050754801;-7.345365e-22;8.49647301397878;0
CADI_POP2;2018;7;13.4372855074589;42.2773;1.6876;2306;85.601229016354;-7.345365e-22;0.0019631746031746;0
CADI_POP2;2018;8;13.4685876201677;42.2773;1.6876;2306;83.6947368686869;-7.345365e-22;6.34920634920635e-05;0
CADI_POP2;2018;9;11.4014226942025;42.2773;1.6876;2306;47.5254993099493;-7.345365e-22;0.116604784094747;0
CADI_POP2;2018;10;5.41334922318738;42.2773;1.6876;2306;159.33849511507;1.0364163;5.15249346837055;7.14285714285714
CADI_POP2;2018;11;1.18956925724514;42.2773;1.6876;2306;92.4102610870611;2.3502605;16.9894578466361;100
CADI_POP2;2018;12;0.46156602007644;42.2773;1.6876;2306;22.7241611388611;0.359123;31.3098974076531;37.5
CADI_POP2;2019;1;-2.9910608367285;42.2773;1.6876;2306;34.4934311031561;4.561492;66.5543219518916;0
CADI_POP2;2019;2;-0.0632603861931283;42.2773;1.6876;2306;14.0517709475709;5.064174;117.345553857774;27.7777777777778
CADI_POP2;2019;3;1.36381119404562;42.2773;1.6876;2306;3.3181613044363;0.07875504;145.493413189805;0
CADI_POP2;2019;4;1.38859582275931;42.2773;1.6876;2306;88.3719766215267;0.9505208;174.724763353947;33.3333333333333
CADI_POP2;2019;5;4.78254769404506;42.2773;1.6876;2306;90.2783793771043;0.04095262;93.1625289760641;0
CADI_POP2;2019;6;12.0643609132381;42.2773;1.6876;2306;56.5367765318015;0.0065104165;8.97598777994449;0
CADI_POP2;2019;7;13.804836650409;42.2773;1.6876;2306;87.8070915584416;-7.345365e-22;0.0019631746031746;0
CADI_POP2;2019;8;13.147807296846;42.2773;1.6876;2306;42.0293325877826;-7.345365e-22;6.34920634920635e-05;0
CADI_POP2;2019;9;10.3129630331819;42.2773;1.6876;2306;46.8748351306101;-7.345365e-22;0.116604784094747;0
CADI_POP2;2019;10;6.5138061133336;42.2773;1.6876;2306;102.470038792689;0.0031502016;0.33648857479157;0
CADI_POP2;2019;11;-0.976121730839935;42.2773;1.6876;2306;84.302191029341;2.4414062;17.0940150711273;85.7142857142857
CADI_POP2;2019;12;0.0716055476122695;42.2773;1.6876;2306;89.8638577376328;1.4270413;28.827767891264;87.5
CADI_POP2;2020;1;-1.36792070118367;42.2773;1.6876;2306;92.4001839577089;8.559098;81.2736492004547;33.3333333333333
CADI_POP2;2020;2;0.918563339199684;42.2773;1.6876;2306;3.96553600381101;1.1920798;123.48600700873;78.9473684210526
CADI_POP2;2020;3;-0.0823537098278567;42.2773;1.6876;2306;69.6260125601251;2.6115172;139.449286008604;75
CADI_POP2;2020;4;3.23852455634145;42.2773;1.6876;2306;60.0010425657676;0.48177084;173.664401133531;60
CADI_POP2;2020;5;8.27100714945345;42.2773;1.6876;2306;90.43839995005;0.0031502016;87.9802546372809;0
CADI_POP2;2020;6;8.67536605278022;42.2773;1.6876;2306;126.22833990084;0.009765625;9.00892720947974;0
CADI_POP2;2020;7;13.3778482667523;42.2773;1.6876;2306;90.1659759139009;-7.345365e-22;0.0019631746031746;0
CADI_POP2;2020;8;13.201782963611;42.2773;1.6876;2306;95.5886301300552;-7.345365e-22;6.34920634920635e-05;0
CADI_POP2;2020;9;8.28801462029157;42.2773;1.6876;2306;39.8427187590188;0.029296875;1.52776599733381;0
CADI_POP2;2020;10;3.62437626403769;42.2773;1.6876;2306;60.7376104136604;0.13860887;0.845896537066878;0
CADI_POP2;2020;11;2.39365518301197;42.2773;1.6876;2306;85.2223398379399;0.09440104;12.2409244175421;12.5
CADI_POP2;2020;12;-1.01439063766541;42.2773;1.6876;2306;18.7870781024531;2.3973033;26.4146813557924;85.7142857142857
CADI_POP3;2000;1;-3.58629785931527;42.2895;1.6882;1990;4.47288828763829;0.7686492;51.8520848116731;NA
CADI_POP3;2000;2;0.381580864252728;42.2895;1.6882;1990;28.2222859094609;0.626347;95.8583180442043;50
CADI_POP3;2000;3;-0.13967039614371;42.2895;1.6882;1990;50.9341615745366;1.2537802;125.811980852954;21.4285714285714
CADI_POP3;2000;4;1.43701219126079;42.2895;1.6882;1990;82.945915933141;1.2044271;123.212852237938;83.3333333333333
CADI_POP3;2000;5;7.83360818409744;42.2895;1.6882;1990;89.2115178312428;0.009450605;49.1552390537465;0
CADI_POP3;2000;6;10.7243730674986;42.2895;1.6882;1990;107.440276605802;0.1529948;27.1731098236981;0
CADI_POP3;2000;7;12.5075517325985;42.2895;1.6882;1990;42.7230601130351;-7.345365e-22;0.104433422873423;0
CADI_POP3;2000;8;13.5477617082492;42.2895;1.6882;1990;43.0319343009931;-7.345365e-22;0.0939263329263329;0
CADI_POP3;2000;9;9.65914789383698;42.2895;1.6882;1990;97.0781712842713;-7.345365e-22;0.165941513657928;0
CADI_POP3;2000;10;4.97329151119674;42.2895;1.6882;1990;40.7174750128956;0.25516632;2.52893001016163;0
CADI_POP3;2000;11;0.329755619871017;42.2895;1.6882;1990;48.860222938173;0.34179688;11.3486175167369;83.3333333333333
CADI_POP3;2000;12;-0.957006510071801;42.2895;1.6882;1990;85.6755612739113;2.375252;28.3669668460968;60
CADI_POP3;2001;1;-3.94436528916811;42.2895;1.6882;1990;72.7729133769009;8.111769;53.7404483309732;100
CADI_POP3;2001;2;-1.41380037889862;42.2895;1.6882;1990;15.7672681938432;3.1459262;92.7209170917385;91.6666666666667
CADI_POP3;2001;3;2.09353630192367;42.2895;1.6882;1990;82.4607394799645;0.875756;128.91277071631;66.6666666666667
CADI_POP3;2001;4;1.85982440139966;42.2895;1.6882;1990;67.4915951298701;0.91471356;125.431400702071;7.69230769230769
CADI_POP3;2001;5;5.80322333422868;42.2895;1.6882;1990;88.1459917027416;0.18271169;78.8120951551367;0
CADI_POP3;2001;6;11.7521317480892;42.2895;1.6882;1990;22.6402692076442;-7.345365e-22;5.91129636387523;0
CADI_POP3;2001;7;12.6640294272863;42.2895;1.6882;1990;63.297867033892;-7.345365e-22;0.104433422873423;0
CADI_POP3;2001;8;14.0886573169116;42.2895;1.6882;1990;50.6286866244866;-7.345365e-22;0.0939263329263329;0
CADI_POP3;2001;9;8.56328394820324;42.2895;1.6882;1990;42.3299795158546;-7.345365e-22;0.165941513657928;0
CADI_POP3;2001;10;6.49081506953762;42.2895;1.6882;1990;44.632776005476;-7.345365e-22;0.290239188519683;0
CADI_POP3;2001;11;-0.78708420298567;42.2895;1.6882;1990;73.832927507215;7.4674478;25.897437940088;62.5
CADI_POP3;2001;12;-1.20955528232214;42.2895;1.6882;1990;34.0499753552004;5.708165;37.1651017918753;85.7142857142857
CADI_POP3;2002;1;-2.36048807683621;42.2895;1.6882;1990;18.4882737290487;3.811744;45.8915542284693;87.5
CADI_POP3;2002;2;-0.72456953365326;42.2895;1.6882;1990;33.7135992914493;2.8773715;86.9483310712852;63.6363636363636
CADI_POP3;2002;3;1.16333091880423;42.2895;1.6882;1990;33.2161772089022;0.8663055;128.91277071631;100
CADI_POP3;2002;4;2.20870933572372;42.2895;1.6882;1990;91.8992361814112;2.2265625;111.279044402568;70
CADI_POP3;2002;5;5.47846644706474;42.2895;1.6882;1990;87.391842977393;0.4032258;90.126489037739;18.1818181818182
CADI_POP3;2002;6;11.2742165938356;42.2895;1.6882;1990;96.4340071169572;0.21809895;27.762082724801;0
CADI_POP3;2002;7;12.7018498812121;42.2895;1.6882;1990;86.0481422799423;-7.2791904e-22;0.104433422873423;0
CADI_POP3;2002;8;10.3795429640972;42.2895;1.6882;1990;94.5852993201244;-7.2791904e-22;0.0939263329263329;0
CADI_POP3;2002;9;7.88462917161136;42.2895;1.6882;1990;61.5835242803493;-7.2791904e-22;0.165941513657928;0
CADI_POP3;2002;10;5.32639908714462;42.2895;1.6882;1990;82.0539226070226;0.009450605;0.730927699705166;0
CADI_POP3;2002;11;0.169122989542008;42.2895;1.6882;1990;84.6694803150553;0.8691406;12.186793243033;0
CADI_POP3;2002;12;-1.20950696197721;42.2895;1.6882;1990;48.6987273088023;10.972152;60.0725179451281;100
CADI_POP3;2003;1;-4.01758364480282;42.2895;1.6882;1990;41.2707792050542;6.1334424;48.3093516333446;100
CADI_POP3;2003;2;-5.85686953034473;42.2895;1.6882;1990;88.5495337893588;23.186384;106.221098647544;100
CADI_POP3;2003;3;0.771678223109693;42.2895;1.6882;1990;41.3827223636929;5.821573;123.788730493549;100
CADI_POP3;2003;4;2.56185956551127;42.2895;1.6882;1990;40.5623634559885;1.1588541;122.82280496054;75
CADI_POP3;2003;5;7.83370778588722;42.2895;1.6882;1990;86.924676972102;0.26146674;86.3352506594056;12.5
CADI_POP3;2003;6;13.3668123235147;42.2895;1.6882;1990;61.1625314213564;-7.2791904e-22;5.91129636387523;0
CADI_POP3;2003;7;14.7195506599525;42.2895;1.6882;1990;51.9953393578644;-7.2791904e-22;0.104433422873423;0
CADI_POP3;2003;8;15.5592598473238;42.2895;1.6882;1990;54.8066520895771;-7.3026714e-22;0.0939263329263329;0
CADI_POP3;2003;9;8.60540706378;42.2895;1.6882;1990;110.203158561809;-7.345365e-22;0.165941513657928;0
CADI_POP3;2003;10;4.83164500529708;42.2895;1.6882;1990;85.3179843656344;0.11655746;0.950284769786092;12.5
CADI_POP3;2003;11;2.17241782252168;42.2895;1.6882;1990;83.9581282948533;0.3059896;11.3504160886826;66.6666666666667
CADI_POP3;2003;12;-0.625022368920175;42.2895;1.6882;1990;87.1506756012506;17.861643;96.8951727338161;100
CADI_POP3;2004;1;-3.59043156673637;42.2895;1.6882;1990;28.5984593184593;7.330519;49.9086660156034;88.8888888888889
CADI_POP3;2004;2;-2.59109080079636;42.2895;1.6882;1990;49.8042550329301;5.3340516;88.9890317344839;100
CADI_POP3;2004;3;-1.31364590812732;42.2895;1.6882;1990;87.6206224025974;2.8068297;115.038385761133;92.3076923076923
CADI_POP3;2004;4;1.35534143823412;42.2895;1.6882;1990;87.8230635743887;1.8457031;120.734659829009;100
CADI_POP3;2004;5;4.91006889181531;42.2895;1.6882;1990;89.6850235569986;0.08505544;72.6391918215751;37.5
CADI_POP3;2004;6;11.219347420845;42.2895;1.6882;1990;61.8942321040071;-7.2791904e-22;5.91129636387523;0
CADI_POP3;2004;7;12.9765294717378;42.2895;1.6882;1990;60.6175915464165;-7.306941e-22;0.104433422873423;0
CADI_POP3;2004;8;13.401209671532;42.2895;1.6882;1990;92.9383000656751;-7.345365e-22;0.0939263329263329;0
CADI_POP3;2004;9;10.5502141789221;42.2895;1.6882;1990;50.915115921116;-7.345365e-22;0.165941513657928;0
CADI_POP3;2004;10;5.96435329261175;42.2895;1.6882;1990;53.5899224997225;0.11340726;0.94677212888432;0
CADI_POP3;2004;11;0.423383354572171;42.2895;1.6882;1990;16.2612567219817;0.93098956;11.8343602504273;75
CADI_POP3;2004;12;-0.90946468358345;42.2895;1.6882;1990;42.116071055796;1.4112903;30.6159079515476;75
CADI_POP3;2005;1;-3.63770013361569;42.2895;1.6882;1990;27.5353046684797;3.6825857;45.8941438342041;100
CADI_POP3;2005;2;-5.33723985729344;42.2895;1.6882;1990;33.9580483421807;12.018694;99.6361105123708;92.3076923076923
CADI_POP3;2005;3;-0.32542044981789;42.2895;1.6882;1990;25.9664676702927;4.388231;125.00902163004;75
CADI_POP3;2005;4;2.29672923167326;42.2895;1.6882;1990;34.6748078042328;0.69661456;116.417758624419;20
CADI_POP3;2005;5;8.23906835905805;42.2895;1.6882;1990;62.109890018315;0.03780242;54.3215364669589;6.66666666666667
CADI_POP3;2005;6;13.1306600498435;42.2895;1.6882;1990;83.3751862637364;-7.345365e-22;5.91129636387523;0
CADI_POP3;2005;7;13.9338514283224;42.2895;1.6882;1990;50.8834005383506;-7.345365e-22;0.104433422873423;0
CADI_POP3;2005;8;11.7837578082393;42.2895;1.6882;1990;53.2049358585859;-7.345365e-22;0.0939263329263329;0
CADI_POP3;2005;9;8.68849113552013;42.2895;1.6882;1990;87.5483501202501;-7.345365e-22;0.165941513657928;0
CADI_POP3;2005;10;5.81549212921039;42.2895;1.6882;1990;96.9254995652496;0.0063004033;0.657218493345317;0
CADI_POP3;2005;11;0.417084976943771;42.2895;1.6882;1990;40.7123392533392;1.4192709;15.0745259723784;100
CADI_POP3;2005;12;-1.54820644847364;42.2895;1.6882;1990;31.5258757871758;4.325227;34.7624345180522;100
CADI_POP3;2006;1;-3.94229563414321;42.2895;1.6882;1990;93.1704172558922;7.96371;53.6564868377943;100
CADI_POP3;2006;2;-3.91756861093199;42.2895;1.6882;1990;15.6701475468976;17.292131;100.272162557902;100
CADI_POP3;2006;3;0.745617276244467;42.2895;1.6882;1990;47.4930235394236;3.3707156;128.653844986101;100
CADI_POP3;2006;4;4.45433232934091;42.2895;1.6882;1990;32.9485798100048;0.009765625;96.3118310211033;50
CADI_POP3;2006;5;8.36212612215946;42.2895;1.6882;1990;28.0556042115292;-7.345365e-22;49.1524612231758;0
CADI_POP3;2006;6;12.7275497564818;42.2895;1.6882;1990;48.9082259259259;-7.345365e-22;5.91129636387523;0
CADI_POP3;2006;7;15.4247676191148;42.2895;1.6882;1990;77.9917858844859;-7.345365e-22;0.104433422873423;0
CADI_POP3;2006;8;12.4094421806406;42.2895;1.6882;1990;52.6461457283458;-7.345365e-22;0.0939263329263329;0
CADI_POP3;2006;9;9.73790234729089;42.2895;1.6882;1990;92.2412185943686;-7.345365e-22;0.165941513657928;0
CADI_POP3;2006;10;6.60520987545385;42.2895;1.6882;1990;45.1495528693528;0.0031502016;0.289036697891147;0
CADI_POP3;2006;11;3.45568954367906;42.2895;1.6882;1990;19.9685235967736;0.022786459;10.2956676351905;0
CADI_POP3;2006;12;-0.624487284743515;42.2895;1.6882;1990;17.4571507612758;0.718246;33.3064865218343;44.4444444444444
CADI_POP3;2007;1;-0.109112441110075;42.2895;1.6882;1990;18.4261833092833;0.7717994;52.1045742090635;0
CADI_POP3;2007;2;-0.726449263781618;42.2895;1.6882;1990;35.8776412289236;0.93819755;105.32647341194;60
CADI_POP3;2007;3;-1.00051624198629;42.2895;1.6882;1990;40.9532023532024;2.608367;118.356551152607;27.2727272727273
CADI_POP3;2007;4;4.03990457199979;42.2895;1.6882;1990;88.1268934306435;1.3346354;123.022661417564;75
CADI_POP3;2007;5;7.14463886953734;42.2895;1.6882;1990;87.4836928090428;0.18271169;78.8120951551367;18.1818181818182
CADI_POP3;2007;6;10.7870196210094;42.2895;1.6882;1990;53.1750660755911;-7.345365e-22;5.91129636387523;0
CADI_POP3;2007;7;13.4591676892549;42.2895;1.6882;1990;40.6212371258371;-7.345365e-22;0.104433422873423;0
CADI_POP3;2007;8;12.7410592420628;42.2895;1.6882;1990;83.7855650793651;-7.345365e-22;0.0939263329263329;0
CADI_POP3;2007;9;9.01521510390159;42.2895;1.6882;1990;40.588063023088;0.016276041;0.688107353018448;0
CADI_POP3;2007;10;5.29056840200583;42.2895;1.6882;1990;51.1641688071188;0.07245464;0.994008354557278;0
CADI_POP3;2007;11;0.393560397573144;42.2895;1.6882;1990;35.274622988123;0.1953125;9.99797618213517;0
CADI_POP3;2007;12;-1.12562093753509;42.2895;1.6882;1990;18.7870781024531;1.203377;42.0300848958526;50
CADI_POP3;2008;1;-0.448529591546711;42.2895;1.6882;1990;33.3421554695304;2.5359123;45.8653885675256;100
CADI_POP3;2008;2;-0.750114699727706;42.2895;1.6882;1990;33.7547712491213;1.9261854;101.27883430121;71.4285714285714
CADI_POP3;2008;3;-1.01591015732483;42.2895;1.6882;1990;57.3888113997114;2.96749;114.947047892653;66.6666666666667
CADI_POP3;2008;4;1.91973494654667;42.2895;1.6882;1990;95.0759544751545;1.1263021;122.640276259134;76.9230769230769
CADI_POP3;2008;5;5.6456067348074;42.2895;1.6882;1990;168.983091634291;0.015751008;49.2000303719464;0
CADI_POP3;2008;6;9.56114303837964;42.2895;1.6882;1990;95.4132264689014;-7.345365e-22;5.91129636387523;0
CADI_POP3;2008;7;13.1710218000135;42.2895;1.6882;1990;51.4698605940357;-7.345365e-22;0.104433422873423;0
CADI_POP3;2008;8;13.2002735586997;42.2895;1.6882;1990;50.1110398407148;-7.345365e-22;0.0939263329263329;0
CADI_POP3;2008;9;8.09067109514378;42.2895;1.6882;1990;47.3492297091797;0.0065104165;0.628675754758395;0
CADI_POP3;2008;10;4.98733477392597;42.2895;1.6882;1990;86.9539923141674;1.921623;8.10829191609395;0
CADI_POP3;2008;11;-0.847844529734793;42.2895;1.6882;1990;90.7445705747955;3.5221355;20.0819742615429;100
CADI_POP3;2008;12;-1.65290676868085;42.2895;1.6882;1990;42.3309112757613;11.460433;61.2632955736405;100
CADI_POP3;2009;1;-3.78207637337249;42.2895;1.6882;1990;41.2707792050542;26.376638;56.1228575718794;100
CADI_POP3;2009;2;-1.66775797963283;42.2895;1.6882;1990;42.5333823093573;28.707449;104.738796385817;93.3333333333333
CADI_POP3;2009;3;0.740512303126188;42.2895;1.6882;1990;53.4930410293411;3.3486643;125.809932210442;95
CADI_POP3;2009;4;1.23913087052519;42.2895;1.6882;1990;91.3618171078922;1.546224;120.032586326686;75
CADI_POP3;2009;5;8.62688865450147;42.2895;1.6882;1990;59.2511266520517;0.025201613;52.3260028192213;33.3333333333333
CADI_POP3;2009;6;11.1467457890548;42.2895;1.6882;1990;82.5437425768676;-7.345365e-22;5.91129636387523;0
CADI_POP3;2009;7;13.7028410740586;42.2895;1.6882;1990;61.6515193843194;-7.345365e-22;0.104433422873423;0
CADI_POP3;2009;8;14.1184396883214;42.2895;1.6882;1990;96.6252447691198;-7.345365e-22;0.0939263329263329;0
CADI_POP3;2009;9;8.6518473322473;42.2895;1.6882;1990;66.2938574601325;-7.345365e-22;0.165941513657928;0
CADI_POP3;2009;10;5.95348873160583;42.2895;1.6882;1990;76.3553721019721;0.012600807;0.733136593271885;0
CADI_POP3;2009;11;2.54833411326778;42.2895;1.6882;1990;31.3051981361232;0.7324219;10.7705908852417;33.3333333333333
CADI_POP3;2009;12;-1.21281462968444;42.2895;1.6882;1990;88.3319316738816;4.5173893;34.77015778283;57.1428571428571
CADI_POP3;2010;1;-3.80609200123533;42.2895;1.6882;1990;34.6175347846598;21.811996;55.7492985184601;100
CADI_POP3;2010;2;-4.46971398886893;42.2895;1.6882;1990;40.2094774410774;24.522182;105.729229134913;100
CADI_POP3;2010;3;-1.98535504861801;42.2895;1.6882;1990;91.6456773328523;15.190272;126.725704304131;93.75
CADI_POP3;2010;4;2.51850633581759;42.2895;1.6882;1990;42.4509376262626;0.88216144;126.086546746373;50
CADI_POP3;2010;5;4.80725519379364;42.2895;1.6882;1990;90.8508298562549;1.4553932;96.1140919990728;11.1111111111111
CADI_POP3;2010;6;8.47132408960058;42.2895;1.6882;1990;146.626422415547;0.0032552083;6.39156317326368;10
CADI_POP3;2010;7;14.814945813701;42.2895;1.6882;1990;84.1772606541606;-7.345365e-22;0.104433422873423;0
CADI_POP3;2010;8;13.0014266516261;42.2895;1.6882;1990;53.4678027898028;-7.345365e-22;0.0939263329263329;0
CADI_POP3;2010;9;8.35959108531394;42.2895;1.6882;1990;81.5948595839346;-7.345365e-22;0.165941513657928;0
CADI_POP3;2010;10;4.96687165060325;42.2895;1.6882;1990;85.6977284854035;0.091355845;0.952952164917192;0
CADI_POP3;2010;11;-0.217518666813649;42.2895;1.6882;1990;36.0059326238576;1.6438802;14.6721129949387;100
CADI_POP3;2010;12;-1.64034692289354;42.2895;1.6882;1990;42.3309112757613;2.9643397;30.6494051429262;50
CADI_POP3;2011;1;-3.61831324321132;42.2895;1.6882;1990;32.4727889499389;1.6192037;47.6432195558217;100
CADI_POP3;2011;2;-0.569682162985543;42.2895;1.6882;1990;14.5748954425204;3.0273438;91.5866428808842;42.8571428571429
CADI_POP3;2011;3;-0.467712828066696;42.2895;1.6882;1990;84.6398494755246;2.4351058;117.509974259815;82.3529411764706
CADI_POP3;2011;4;5.76410849527353;42.2895;1.6882;1990;48.2397418229918;-7.345365e-22;96.3651424010316;33.3333333333333
CADI_POP3;2011;5;7.87816071707329;42.2895;1.6882;1990;94.35648500296;-7.345365e-22;49.1524612231758;0
CADI_POP3;2011;6;10.074727398515;42.2895;1.6882;1990;99.2135965950717;0.009765625;6.42450260279893;0
CADI_POP3;2011;7;12.3675480261607;42.2895;1.6882;1990;85.8782788359788;-7.345365e-22;0.104433422873423;0
CADI_POP3;2011;8;13.5596748808511;42.2895;1.6882;1990;42.0638270322271;-7.345365e-22;0.0939263329263329;0
CADI_POP3;2011;9;11.0053273713731;42.2895;1.6882;1990;45.4778693602693;-7.345365e-22;0.165941513657928;0
CADI_POP3;2011;10;5.94780999098479;42.2895;1.6882;1990;51.0299276695527;0.0031502016;0.289036697891147;0
CADI_POP3;2011;11;2.81068749505477;42.2895;1.6882;1990;100.913751443001;0.061848957;8.83928566760531;100
CADI_POP3;2011;12;0.069166901107783;42.2895;1.6882;1990;21.854644023569;0.48828125;31.4972736266532;0
CADI_POP3;2012;1;-0.599492563657022;42.2895;1.6882;1990;4.47288828763829;0.46938005;55.6772605064215;0
CADI_POP3;2012;2;-5.26330766433015;42.2895;1.6882;1990;8.14635437710438;3.2462285;93.3804725384542;0
CADI_POP3;2012;3;0.828372760848746;42.2895;1.6882;1990;84.329986014911;0.797001;121.571429774408;36.8421052631579
CADI_POP3;2012;4;0.890929928766038;42.2895;1.6882;1990;95.4310272366522;0.8105469;117.374093920268;100
CADI_POP3;2012;5;7.33671886904364;42.2895;1.6882;1990;87.5994573953824;0.11655746;76.3456628254056;0
CADI_POP3;2012;6;13.0525713414274;42.2895;1.6882;1990;40.0981578782329;-7.345365e-22;5.91129636387523;0
CADI_POP3;2012;7;13.2426900231436;42.2895;1.6882;1990;40.083131026381;-7.345365e-22;0.104433422873423;0
CADI_POP3;2012;8;15.4500289553071;42.2895;1.6882;1990;52.2221089207089;-7.345365e-22;0.0939263329263329;0
CADI_POP3;2012;9;9.53960178844915;42.2895;1.6882;1990;79.6690373256373;0.0032552083;0.317757672334932;0
CADI_POP3;2012;10;5.91309330770298;42.2895;1.6882;1990;89.6375055315056;0.2110635;1.88001021773821;0
CADI_POP3;2012;11;2.38848014532209;42.2895;1.6882;1990;44.8849875716876;0.7714844;13.0597336836602;40
CADI_POP3;2012;12;-0.337238675682948;42.2895;1.6882;1990;15.2150742303992;2.1137853;28.1620780680121;66.6666666666667
CADI_POP3;2013;1;-1.32479440112153;42.2895;1.6882;1990;73.1516679584305;6.3224545;48.3475302268435;88.8888888888889
CADI_POP3;2013;2;-4.91025477557382;42.2895;1.6882;1990;32.6174440725941;8.070592;93.1092760964513;92.3076923076923
CADI_POP3;2013;3;-1.32163673332795;42.2895;1.6882;1990;87.394727975728;4.044859;130.516115704548;93.75
CADI_POP3;2013;4;1.89479818660939;42.2895;1.6882;1990;97.7794862313612;1.9759115;121.353773958213;72.7272727272727
CADI_POP3;2013;5;4.03083795045128;42.2895;1.6882;1990;84.3502760693011;0.3937752;90.126489037739;30
CADI_POP3;2013;6;9.34166966616876;42.2895;1.6882;1990;54.3355507575758;0.016276041;34.1242385515722;0
CADI_POP3;2013;7;13.0709757644877;42.2895;1.6882;1990;123.083387315462;-7.345365e-22;0.104433422873423;0
CADI_POP3;2013;8;13.238097538376;42.2895;1.6882;1990;62.6390666638916;-7.345365e-22;0.0939263329263329;0
CADI_POP3;2013;9;9.63471309191171;42.2895;1.6882;1990;49.2055106301106;-7.345365e-22;0.165941513657928;0
CADI_POP3;2013;10;6.66271609674133;42.2895;1.6882;1990;32.504066069116;0.06300403;0.985350638068675;0
CADI_POP3;2013;11;0.305533480479588;42.2895;1.6882;1990;66.8803124579125;4.9804688;19.9350204477278;71.4285714285714
CADI_POP3;2013;12;-0.274816227766277;42.2895;1.6882;1990;28.3032076118326;4.5047884;34.77015778283;100
CADI_POP3;2014;1;-0.766283722170394;42.2895;1.6882;1990;73.5360626262626;2.690272;45.8886075681427;70
CADI_POP3;2014;2;-1.41903589764711;42.2895;1.6882;1990;49.0526026519777;5.4722376;88.983120889983;100
CADI_POP3;2014;3;-0.1288456733216;42.2895;1.6882;1990;32.9459542809043;2.3027973;117.350392994035;89.4736842105263
CADI_POP3;2014;4;4.76992091054067;42.2895;1.6882;1990;89.1855416167166;0.08138021;102.098952601188;21.4285714285714
CADI_POP3;2014;5;5.74327183855594;42.2895;1.6882;1990;62.2336882719133;0.028351815;52.490665304287;0
CADI_POP3;2014;6;10.7027977452992;42.2895;1.6882;1990;96.1440877363377;-7.345365e-22;5.91129636387523;0
CADI_POP3;2014;7;12.6666353587162;42.2895;1.6882;1990;99.1694896224147;-7.345365e-22;0.104433422873423;0
CADI_POP3;2014;8;12.6774908259872;42.2895;1.6882;1990;127.191561239686;-7.345365e-22;0.0939263329263329;0
CADI_POP3;2014;9;9.75068357883756;42.2895;1.6882;1990;96.6443432419433;-7.345365e-22;0.165941513657928;0
CADI_POP3;2014;10;6.65894078599303;42.2895;1.6882;1990;52.8170214868465;-7.345365e-22;0.290239188519683;0
CADI_POP3;2014;11;2.36832349976622;42.2895;1.6882;1990;165.778803342953;0.1953125;9.99797618213517;50
CADI_POP3;2014;12;-0.308626449211186;42.2895;1.6882;1990;15.7672202380952;1.9909275;28.2580480303943;83.3333333333333
CADI_POP3;2015;1;-2.14080378553012;42.2895;1.6882;1990;34.3338856245606;3.175403;45.6959710353274;80
CADI_POP3;2015;2;-4.91053911533438;42.2895;1.6882;1990;29.0322287814038;11.610631;99.4579785812421;85.7142857142857
CADI_POP3;2015;3;1.01198745352514;42.2895;1.6882;1990;38.137153427999;2.1515877;117.350392994035;50
CADI_POP3;2015;4;4.2729458594523;42.2895;1.6882;1990;50.973787037037;0.026041666;96.5983174607687;8.33333333333333
CADI_POP3;2015;5;8.53875683716412;42.2895;1.6882;1990;40.2122509379509;0.012600807;49.1552390537465;0
CADI_POP3;2015;6;10.9364509643492;42.2895;1.6882;1990;153.831002132127;-7.345365e-22;5.91129636387523;0
CADI_POP3;2015;7;15.339378785958;42.2895;1.6882;1990;93.6746541847042;-7.345365e-22;0.104433422873423;0
CADI_POP3;2015;8;13.2259373571035;42.2895;1.6882;1990;123.028019877345;-7.345365e-22;0.0939263329263329;0
CADI_POP3;2015;9;8.10709058640297;42.2895;1.6882;1990;85.2853554593554;-7.345365e-22;0.165941513657928;6.66666666666667
CADI_POP3;2015;10;5.34874127972033;42.2895;1.6882;1990;49.127353026603;-7.345365e-22;0.290239188519683;0
CADI_POP3;2015;11;2.89917471235581;42.2895;1.6882;1990;84.5632290866541;1.3313802;15.1563592064833;0
CADI_POP3;2015;12;0.534447895116752;42.2895;1.6882;1990;4.35940204425205;0.66154236;32.1265625718773;12.5
CADI_POP3;2016;1;-0.321630862771574;42.2895;1.6882;1990;14.3658196248196;1.25063;51.3270969824418;60
CADI_POP3;2016;2;-1.38510585338097;42.2895;1.6882;1990;85.3528278739779;2.114763;90.670608670616;80
CADI_POP3;2016;3;-0.996124711872075;42.2895;1.6882;1990;37.8287903327609;3.175403;122.555166255031;73.3333333333333
CADI_POP3;2016;4;2.22302604674312;42.2895;1.6882;1990;91.9127918072669;0.78776044;117.376524027795;55.5555555555556
CADI_POP3;2016;5;5.75246734950972;42.2895;1.6882;1990;89.3612842102343;0.015751008;49.2000303719464;8.33333333333333
CADI_POP3;2016;6;10.6136587046188;42.2895;1.6882;1990;83.4504197052948;-7.345365e-22;5.91129636387523;0
CADI_POP3;2016;7;13.9835020760752;42.2895;1.6882;1990;61.0522801198801;-7.345365e-22;0.104433422873423;0
CADI_POP3;2016;8;13.5599463712932;42.2895;1.6882;1990;53.1817039469789;-7.345365e-22;0.0939263329263329;0
CADI_POP3;2016;9;5.15423696379366;42.2895;1.6882;1990;63.784878980279;-7.345365e-22;0.165941513657928;0
CADI_POP3;2016;10;3.33837730931004;42.2895;1.6882;1990;66.9338083573834;-7.345365e-22;0.290239188519683;0
CADI_POP3;2016;11;-1.09525207280442;42.2895;1.6882;1990;95.6425317876568;0.46875;10.6149901305976;28.5714285714286
CADI_POP3;2016;12;-1.3780816598569;42.2895;1.6882;1990;20.6043241822992;0.11340726;29.3079239658997;100
CADI_POP3;2017;1;-3.9579959782233;42.2895;1.6882;1990;66.0531379139379;9.652218;54.3707934865126;100
CADI_POP3;2017;2;-1.02896447997486;42.2895;1.6882;1990;82.7739952501202;9.057617;94.0061813755386;81.8181818181818
CADI_POP3;2017;3;1.7108357480146;42.2895;1.6882;1990;99.2981837588338;2.7942288;115.038385761133;100
CADI_POP3;2017;4;3.76044032033238;42.2895;1.6882;1990;87.3541396945647;0.8235677;119.970254042151;77.7777777777778
CADI_POP3;2017;5;7.93902275715426;42.2895;1.6882;1990;86.5741339947089;0.06300403;69.499980081671;0
CADI_POP3;2017;6;13.1928938065654;42.2895;1.6882;1990;61.5532685185185;-7.345365e-22;5.91129636387523;0
CADI_POP3;2017;7;15.204771033379;42.2895;1.6882;1990;38.7104491924742;-7.345365e-22;0.104433422873423;0
CADI_POP3;2017;8;15.0989906529982;42.2895;1.6882;1990;41.83528502886;-7.345365e-22;0.0939263329263329;0
CADI_POP3;2017;9;8.08791634246412;42.2895;1.6882;1990;65.8925561734562;0.009765625;0.701829544505626;0
CADI_POP3;2017;10;7.54262407642547;42.2895;1.6882;1990;40.0668091676842;-7.345365e-22;0.290239188519683;0
CADI_POP3;2017;11;0.415717808667297;42.2895;1.6882;1990;30.971123039923;0.41666666;10.7205676179188;0
CADI_POP3;2017;12;-1.64845900500106;42.2895;1.6882;1990;35.145851956377;2.419355;28.3669668460968;83.3333333333333
CADI_POP3;2018;1;-1.18307193876906;42.2895;1.6882;1990;73.1516679584305;7.065902;49.9086660156034;100
CADI_POP3;2018;2;-5.5260177926626;42.2895;1.6882;1990;93.3466887621638;20.152065;100.549577253411;100
CADI_POP3;2018;3;-1.67495314158157;42.2895;1.6882;1990;86.9228547138047;8.915071;124.682999089463;100
CADI_POP3;2018;4;4.02323932019387;42.2895;1.6882;1990;164.52776972102;3.8085938;123.180330652407;100
CADI_POP3;2018;5;5.64490958227853;42.2895;1.6882;1990;142.566302081252;0.34967238;89.2335475978795;25
CADI_POP3;2018;6;10.9103336701567;42.2895;1.6882;1990;64.1929988206238;-7.345365e-22;5.91129636387523;0
CADI_POP3;2018;7;13.9174471157477;42.2895;1.6882;1990;81.4122904401154;-7.345365e-22;0.104433422873423;0
CADI_POP3;2018;8;13.4238868694785;42.2895;1.6882;1990;78.3202262626263;-7.345365e-22;0.0939263329263329;0
CADI_POP3;2018;9;10.9137713857478;42.2895;1.6882;1990;46.5488543003293;-7.345365e-22;0.165941513657928;0
CADI_POP3;2018;10;5.07387492058067;42.2895;1.6882;1990;161.442361950087;1.0364163;4.76816802391706;8.33333333333333
CADI_POP3;2018;11;0.945443738364848;42.2895;1.6882;1990;96.1630354543605;2.3502605;16.8589342150935;100
CADI_POP3;2018;12;0.178162200195239;42.2895;1.6882;1990;22.7307177526178;0.359123;31.493967550531;100
CADI_POP3;2019;1;-3.67116398079157;42.2895;1.6882;1990;34.275705994931;4.561492;47.0758870175717;75
CADI_POP3;2019;2;-0.134023814371175;42.2895;1.6882;1990;13.1339464165464;5.064174;88.9518329243565;100
CADI_POP3;2019;3;1.31477009053216;42.2895;1.6882;1990;3.1574576007326;0.07875504;107.43630781803;42.8571428571429
CADI_POP3;2019;4;1.67626290626189;42.2895;1.6882;1990;91.23919488567;0.9505208;124.452254488269;85.7142857142857
CADI_POP3;2019;5;5.10392456095476;42.2895;1.6882;1990;88.9660824194324;0.04095262;54.7905976612753;0
CADI_POP3;2019;6;12.5471135168984;42.2895;1.6882;1990;59.1254156130906;0.0065104165;6.39156317326368;0
CADI_POP3;2019;7;15.4002642767468;42.2895;1.6882;1990;89.083452032227;-7.345365e-22;0.104433422873423;0
CADI_POP3;2019;8;14.2306791164332;42.2895;1.6882;1990;43.0800321548822;-7.345365e-22;0.0939263329263329;0
CADI_POP3;2019;9;10.391572378036;42.2895;1.6882;1990;52.1524588087838;-7.345365e-22;0.165941513657928;0
CADI_POP3;2019;10;6.18519259052368;42.2895;1.6882;1990;98.8070913641914;0.0031502016;0.289036697891147;0
CADI_POP3;2019;11;-1.09534156652889;42.2895;1.6882;1990;88.8048755050504;2.4414062;16.9667525506958;71.4285714285714
CADI_POP3;2019;12;0.0597945239358007;42.2895;1.6882;1990;84.4731338559589;1.4270413;30.6159079515476;90
CADI_POP3;2020;1;-1.52767560934268;42.2895;1.6882;1990;89.8042617475117;8.559098;53.7586230282975;100
CADI_POP3;2020;2;0.720380051838616;42.2895;1.6882;1990;3.15831514041514;1.1920798;104.339204595072;86.6666666666667
CADI_POP3;2020;3;-0.292157034861044;42.2895;1.6882;1990;68.6244747285122;2.6115172;118.356551152607;66.6666666666667
CADI_POP3;2020;4;3.75157767489951;42.2895;1.6882;1990;48.6181181790432;0.48177084;128.223872953759;55.5555555555556
CADI_POP3;2020;5;8.16077845168238;42.2895;1.6882;1990;94.8262049043549;0.0031502016;49.1756110041396;0
CADI_POP3;2020;6;8.49504718158029;42.2895;1.6882;1990;120.913070700596;0.009765625;6.42450260279893;0
CADI_POP3;2020;7;13.2658354553326;42.2895;1.6882;1990;86.848881974507;-7.345365e-22;0.104433422873423;0
CADI_POP3;2020;8;13.2765650582318;42.2895;1.6882;1990;100.722723251748;-7.345365e-22;0.0939263329263329;0
CADI_POP3;2020;9;8.16325378108493;42.2895;1.6882;1990;39.9690184463684;0.029296875;1.53377154493301;0
CADI_POP3;2020;10;3.59173626861219;42.2895;1.6882;1990;62.03624997595;0.13860887;0.893983420232711;0
CADI_POP3;2020;11;2.23140591918502;42.2895;1.6882;1990;85.3107502525253;0.09440104;8.83579248749428;22.2222222222222
CADI_POP3;2020;12;-1.11447738296829;42.2895;1.6882;1990;19.4996793410293;2.3973033;28.3669668460968;87.5
CADI_POP4;2000;1;-2.83649797140432;42.2825;1.5738;2394;4.14210105820106;0.7560484;68.0253495981982;NA
CADI_POP4;2000;2;0.610377042931875;42.2825;1.5738;2394;33.3618558145558;0.5623653;130.372499436136;0
CADI_POP4;2000;3;0.408883585566004;42.2825;1.5738;2394;62.1034478835979;1.1592742;153.378801041609;0
CADI_POP4;2000;4;1.30497254368107;42.2825;1.5738;2394;82.7207886724387;1.2304688;171.113827643871;100
CADI_POP4;2000;5;7.93624634069537;42.2825;1.5738;2394;103.672202927628;0.0063004033;89.6209799182178;0
CADI_POP4;2000;6;11.4748779121267;42.2825;1.5738;2394;98.8040249741001;0.12695312;31.5005985509828;0
CADI_POP4;2000;7;12.1406920597281;42.2825;1.5738;2394;42.7159676527177;-7.345365e-22;0.0003809523809523;0
CADI_POP4;2000;8;13.4072242324611;42.2825;1.5738;2394;41.0152876743627;-7.345365e-22;6.34920634920635e-05;0
CADI_POP4;2000;9;9.88964870281247;42.2825;1.5738;2394;96.6409204526955;-7.345365e-22;0.124438303281121;0
CADI_POP4;2000;10;4.99760232871559;42.2825;1.5738;2394;41.9757502765753;0.1890121;1.27866796566681;0
CADI_POP4;2000;11;0.729563078898741;42.2825;1.5738;2394;73.0528056415807;0.3450521;15.7315109600076;100
CADI_POP4;2000;12;-0.550891170983467;42.2825;1.5738;2394;87.2594432474933;2.1925404;27.6092490251324;80
CADI_POP4;2001;1;-3.48533286546631;42.2825;1.5738;2394;77.7762969336219;8.798513;84.3709705543451;87.5
CADI_POP4;2001;2;-0.535736741303956;42.2825;1.5738;2394;19.3196263986014;3.881836;135.148592208596;100
CADI_POP4;2001;3;1.87173196079569;42.2825;1.5738;2394;92.1775528878529;0.89465725;162.999194133029;80
CADI_POP4;2001;4;1.73598078726835;42.2825;1.5738;2394;85.660302996078;0.80078125;179.320133631013;0
CADI_POP4;2001;5;6.23237875514515;42.2825;1.5738;2394;97.4055688672439;0.22681452;120.818776018036;0
CADI_POP4;2001;6;12.0365052395962;42.2825;1.5738;2394;23.1831866198616;-7.345365e-22;12.0045496597706;0
CADI_POP4;2001;7;12.5828563583635;42.2825;1.5738;2394;77.1972886964887;-7.345365e-22;0.0003809523809523;0
CADI_POP4;2001;8;11.3605559235159;42.2825;1.5738;2394;49.3067426425426;-7.345365e-22;6.34920634920635e-05;0
CADI_POP4;2001;9;9.10473952688192;42.2825;1.5738;2394;52.9435873561623;-7.345365e-22;0.124438303281121;0
CADI_POP4;2001;10;6.8747947621268;42.2825;1.5738;2394;49.2077085497836;-7.345365e-22;0.350015853870966;0
CADI_POP4;2001;11;-0.125567598659683;42.2825;1.5738;2394;73.7841736462612;6.0221353;20.5003097842098;56.25
CADI_POP4;2001;12;-2.17193868287132;42.2825;1.5738;2394;33.7250938496689;6.552419;51.5510345404651;75
CADI_POP4;2002;1;-1.33265182474401;42.2825;1.5738;2394;18.536491983017;4.967868;68.0714143873511;37.5
CADI_POP4;2002;2;-0.501086275335247;42.2825;1.5738;2394;32.7962300514301;2.8076172;110.995560413421;50
CADI_POP4;2002;3;1.11951108813694;42.2825;1.5738;2394;40.8307881192882;0.8222026;162.957156912661;50
CADI_POP4;2002;4;1.92934702166174;42.2825;1.5738;2394;90.2406999019499;2.0084636;153.374115302712;81.8181818181818
CADI_POP4;2002;5;5.60362255663515;42.2825;1.5738;2394;83.7485312770563;0.3874748;126.914196992145;9.09090909090909
CADI_POP4;2002;6;11.8462451690791;42.2825;1.5738;2394;96.3784108206609;0.14973958;31.2106763258178;4.76190476190476
CADI_POP4;2002;7;12.56287024378;42.2825;1.5738;2394;95.2502248556999;-7.2791904e-22;0.0003809523809523;0
CADI_POP4;2002;8;11.3878223282074;42.2825;1.5738;2394;94.8650712777964;-7.2791904e-22;6.34920634920635e-05;0
CADI_POP4;2002;9;8.23038281525669;42.2825;1.5738;2394;77.0036674603175;-7.2791904e-22;0.124438303281121;0
CADI_POP4;2002;10;5.47841536692814;42.2825;1.5738;2394;84.162885966811;0.0031502016;0.34717211522212;0
CADI_POP4;2002;11;0.976051673403347;42.2825;1.5738;2394;91.6976445397196;0.98307294;14.9739010923507;45.4545454545455
CADI_POP4;2002;12;-0.414894498817046;42.2825;1.5738;2394;44.6348065175565;10.342112;68.7595959527635;100
CADI_POP4;2003;1;-3.30348933532887;42.2825;1.5738;2394;38.4685525169275;6.5713205;72.9754421746866;90.9090909090909
CADI_POP4;2003;2;-5.32895466529553;42.2825;1.5738;2394;84.4045772005772;26.17885;164.984957842635;100
CADI_POP4;2003;3;0.746804550366008;42.2825;1.5738;2394;38.9149924482925;6.8705897;178.56577230916;77.7777777777778
CADI_POP4;2003;4;2.30462279930921;42.2825;1.5738;2394;35.2968215127465;1.1751302;171.113827643871;60
CADI_POP4;2003;5;8.18619576278004;42.2825;1.5738;2394;86.2614198292448;0.29611894;126.539849490695;0
CADI_POP4;2003;6;13.1237959259986;42.2825;1.5738;2394;56.6334658369409;-7.2791904e-22;12.0045496597706;0
CADI_POP4;2003;7;11.1727035976402;42.2825;1.5738;2394;52.2174771885522;-7.2791904e-22;0.0003809523809523;0
CADI_POP4;2003;8;11.9342369690989;42.2825;1.5738;2394;57.1232436359936;-7.3026714e-22;6.34920634920635e-05;0
CADI_POP4;2003;9;8.86745949836305;42.2825;1.5738;2394;137.668990620491;-7.345365e-22;0.124438303281121;0
CADI_POP4;2003;10;4.8788911318607;42.2825;1.5738;2394;85.3560664483665;0.10080645;0.900192837905772;20
CADI_POP4;2003;11;2.35195413048714;42.2825;1.5738;2394;81.0116013347763;0.34830728;15.7315109600076;75
CADI_POP4;2003;12;-0.919508876442373;42.2825;1.5738;2394;60.6685879028379;15.946321;108.019031285983;100
CADI_POP4;2004;1;-2.29252593572793;42.2825;1.5738;2394;32.7033471750472;6.3035536;71.0029856887571;83.3333333333333
CADI_POP4;2004;2;-2.01447889053228;42.2825;1.5738;2394;52.9142908313909;5.0915947;119.8659410431;84.6153846153846
CADI_POP4;2004;3;-0.94095291736525;42.2825;1.5738;2394;89.3306424362674;2.9296875;141.316951416918;72.7272727272727
CADI_POP4;2004;4;1.25029925052038;42.2825;1.5738;2394;86.531163972139;1.6731771;152.615150485095;100
CADI_POP4;2004;5;4.22418230878301;42.2825;1.5738;2394;87.8344700937951;0.08505544;102.279265240443;40
CADI_POP4;2004;6;11.8556221534285;42.2825;1.5738;2394;54.7643375735376;-7.2791904e-22;12.0045496597706;0
CADI_POP4;2004;7;12.9319698573046;42.2825;1.5738;2394;78.7113207792208;-7.306941e-22;0.0003809523809523;0
CADI_POP4;2004;8;13.1262264476624;42.2825;1.5738;2394;92.0636410607911;-7.345365e-22;6.34920634920635e-05;0
CADI_POP4;2004;9;11.1304631638346;42.2825;1.5738;2394;48.0717435814186;-7.345365e-22;0.124438303281121;0
CADI_POP4;2004;10;6.13902616483028;42.2825;1.5738;2394;44.714907054057;0.09765625;0.900192837905772;0
CADI_POP4;2004;11;1.0448535423565;42.2825;1.5738;2394;19.4293501082251;0.90494794;15.3811559728855;23.5294117647059
CADI_POP4;2004;12;-0.218813866231482;42.2825;1.5738;2394;33.9393713887964;1.373488;32.0618962738784;92.3076923076923
CADI_POP4;2005;1;-2.89205452018312;42.2825;1.5738;2394;17.9774578560329;3.6384828;66.7273838952695;43.75
CADI_POP4;2005;2;-4.08281623914731;42.2825;1.5738;2394;26.6329837838088;11.711775;145.848167347435;86.6666666666667
CADI_POP4;2005;3;-0.141659751266562;42.2825;1.5738;2394;29.8555118076368;4.574093;172.135070283621;50
CADI_POP4;2005;4;2.13039533608911;42.2825;1.5738;2394;34.6225817580568;0.6998698;178.289648439577;7.69230769230769
CADI_POP4;2005;5;8.76262331752158;42.2825;1.5738;2394;69.2914298266548;0.031502016;92.5515518439518;6.66666666666667
CADI_POP4;2005;6;13.1801330938584;42.2825;1.5738;2394;62.562968064343;-7.345365e-22;12.0045496597706;0
CADI_POP4;2005;7;10.8274129282028;42.2825;1.5738;2394;50.521361916787;-7.345365e-22;0.0003809523809523;0
CADI_POP4;2005;8;12.0332027132657;42.2825;1.5738;2394;58.4306614209865;-7.345365e-22;6.34920634920635e-05;0
CADI_POP4;2005;9;9.11418948338974;42.2825;1.5738;2394;96.7152977392978;-7.345365e-22;0.124438303281121;0
CADI_POP4;2005;10;6.03126028740413;42.2825;1.5738;2394;92.7506137788138;0.0031502016;0.34717211522212;0
CADI_POP4;2005;11;0.87227213625458;42.2825;1.5738;2394;42.8651335497836;1.2239584;15.7340162370549;64.2857142857143
CADI_POP4;2005;12;-1.55188318159559;42.2825;1.5738;2394;33.7785815721316;4.7851562;34.9730600280315;100
CADI_POP4;2006;1;-3.2922674134474;42.2825;1.5738;2394;87.6230090668591;7.8566027;82.3790899469654;100
CADI_POP4;2006;2;-1.77911017799314;42.2825;1.5738;2394;13.3460482202982;17.21889;147.0634434772;100
CADI_POP4;2006;3;0.71695477867134;42.2825;1.5738;2394;51.3493832491583;3.874748;188.399285073197;88.8888888888889
CADI_POP4;2006;4;3.43102424162675;42.2825;1.5738;2394;31.4076371258371;0.009765625;151.722835082806;0
CADI_POP4;2006;5;9.08200105434285;42.2825;1.5738;2394;35.3277683251933;-7.345365e-22;89.597830137254;0
CADI_POP4;2006;6;12.5968422062956;42.2825;1.5738;2394;52.7615412698413;-7.345365e-22;12.0045496597706;0
CADI_POP4;2006;7;14.0014270011355;42.2825;1.5738;2394;77.390559977985;-7.345365e-22;0.0003809523809523;0
CADI_POP4;2006;8;12.0792410006579;42.2825;1.5738;2394;62.3933556970807;-7.345365e-22;6.34920634920635e-05;0
CADI_POP4;2006;9;10.7185071562113;42.2825;1.5738;2394;105.834486411736;-7.345365e-22;0.124438303281121;0
CADI_POP4;2006;10;7.03877953738696;42.2825;1.5738;2394;48.9997469095719;0.0031502016;0.34717211522212;0
CADI_POP4;2006;11;3.23690746250171;42.2825;1.5738;2394;29.8227602850853;0.01953125;13.454316361696;0
CADI_POP4;2006;12;0.0904641821322588;42.2825;1.5738;2394;17.1898922235172;0.7245464;34.1389023479922;27.2727272727273
CADI_POP4;2007;1;0.0960949891005326;42.2825;1.5738;2394;17.5006931818182;0.7780998;68.4586888163771;21.0526315789474
CADI_POP4;2007;2;-0.387246129866876;42.2825;1.5738;2394;36.9065441963266;0.9591239;128.067045292432;33.3333333333333
CADI_POP4;2007;3;-0.744101292464254;42.2825;1.5738;2394;42.8498383477634;2.7375252;141.260169957212;16.6666666666667
CADI_POP4;2007;4;2.97162207263292;42.2825;1.5738;2394;87.5148440577941;1.2792969;169.970437183571;60
CADI_POP4;2007;5;7.39915758217297;42.2825;1.5738;2394;86.0811043530544;0.2047631;111.094039025354;15.3846153846154
CADI_POP4;2007;6;11.4793928509354;42.2825;1.5738;2394;52.8738246901247;-7.345365e-22;12.0045496597706;0
CADI_POP4;2007;7;11.6857612988389;42.2825;1.5738;2394;39.9596623034373;-7.345365e-22;0.0003809523809523;0
CADI_POP4;2007;8;12.8472375666764;42.2825;1.5738;2394;83.0230683501684;-7.345365e-22;6.34920634920635e-05;0
CADI_POP4;2007;9;9.91100584969997;42.2825;1.5738;2394;38.8180291486291;0.016276041;0.632576040582799;0
CADI_POP4;2007;10;5.34023336406208;42.2825;1.5738;2394;50.3217997271247;0.10710686;0.889542873390329;0
CADI_POP4;2007;11;1.21677404633796;42.2825;1.5738;2394;35.6541088346838;0.20182292;15.2866335396384;0
CADI_POP4;2007;12;-0.313805904806917;42.2825;1.5738;2394;8.5240474987975;1.156124;41.9854622872923;4.54545454545455
CADI_POP4;2008;1;-0.313608387690769;42.2825;1.5738;2394;33.5143933603433;2.7060232;65.7010227377466;61.5384615384615
CADI_POP4;2008;2;-0.471025265211543;42.2825;1.5738;2394;33.3888502173752;2.1113954;109.420086917115;47.0588235294118
CADI_POP4;2008;3;-0.738829202627093;42.2825;1.5738;2394;61.367866005291;3.0430949;158.592673988598;50
CADI_POP4;2008;4;1.63695745962511;42.2825;1.5738;2394;91.770899962075;1.0514323;175.452479917113;63.6363636363636
CADI_POP4;2008;5;5.86063663784474;42.2825;1.5738;2394;218.262283014208;0.012600807;89.6059556380756;0
CADI_POP4;2008;6;9.75872677546204;42.2825;1.5738;2394;90.9097746827246;-7.345365e-22;12.0045496597706;0
CADI_POP4;2008;7;13.1850778941517;42.2825;1.5738;2394;62.1751315869316;-7.345365e-22;0.0003809523809523;0
CADI_POP4;2008;8;13.0729235293604;42.2825;1.5738;2394;50.3421145345395;-7.345365e-22;6.34920634920635e-05;0
CADI_POP4;2008;9;8.36657218559956;42.2825;1.5738;2394;47.4755898897399;0.0065104165;0.565292368889275;0
CADI_POP4;2008;10;5.25885468910987;42.2825;1.5738;2394;93.8651710539461;1.937374;7.53702200328082;0
CADI_POP4;2008;11;-0.179245586032837;42.2825;1.5738;2394;75.6704379167129;3.6555989;18.9104005789808;100
CADI_POP4;2008;12;-1.33461121819759;42.2825;1.5738;2394;39.6484963767714;11.806955;77.9445733186619;100
CADI_POP4;2009;1;-3.146803867489;42.2825;1.5738;2394;43.7027327441078;23.969885;95.4814284697732;100
CADI_POP4;2009;2;-1.34484925107568;42.2825;1.5738;2394;53.6436785473786;29.077148;164.933450628763;100
CADI_POP4;2009;3;0.722885880821878;42.2825;1.5738;2394;46.0952908674659;4.7820063;171.376920775938;88.2352941176471
CADI_POP4;2009;4;1.17728754950622;42.2825;1.5738;2394;92.8958229483479;1.3606771;169.890330242732;50
CADI_POP4;2009;5;9.18175709630726;42.2825;1.5738;2394;52.6549829346579;0.025201613;92.136064401741;14.2857142857143
CADI_POP4;2009;6;11.9848471026002;42.2825;1.5738;2394;82.8415330206831;-7.345365e-22;12.0045496597706;0
CADI_POP4;2009;7;11.2036102997669;42.2825;1.5738;2394;60.667946055796;-7.345365e-22;0.0003809523809523;0
CADI_POP4;2009;8;10.9454874403324;42.2825;1.5738;2394;96.1091695239945;-7.345365e-22;6.34920634920635e-05;0
CADI_POP4;2009;9;9.25504318084651;42.2825;1.5738;2394;66.4644173807674;-7.345365e-22;0.124438303281121;0
CADI_POP4;2009;10;6.4195485232973;42.2825;1.5738;2394;77.1393585257335;0.012600807;0.666619727335926;5.88235294117647
CADI_POP4;2009;11;2.6447041244298;42.2825;1.5738;2394;41.0794648388648;0.68684894;14.8251778040677;18.1818181818182
CADI_POP4;2009;12;-0.801377622000973;42.2825;1.5738;2394;85.1786392255892;4.7599545;34.9730600280315;45.4545454545455
CADI_POP4;2010;1;-3.03845096228781;42.2825;1.5738;2394;33.2784865902616;21.906502;95.2210252118255;100
CADI_POP4;2010;2;-3.36255125721159;42.2825;1.5738;2394;57.2466316738817;26.252092;164.984957842635;100
CADI_POP4;2010;3;-1.7900232369688;42.2825;1.5738;2394;94.1982933742184;18.850807;189.720458005536;100
CADI_POP4;2010;4;2.49748856054662;42.2825;1.5738;2394;43.7809592083298;0.7063802;178.514561680921;44.4444444444444
CADI_POP4;2010;5;4.10042686125635;42.2825;1.5738;2394;95.8654131673882;1.360887;158.799205884022;22.2222222222222
CADI_POP4;2010;6;8.48406785293967;42.2825;1.5738;2394;150.213563943464;0.0032552083;12.2411955576231;0
CADI_POP4;2010;7;11.4018405378072;42.2825;1.5738;2394;83.4151395141895;-7.345365e-22;0.0003809523809523;0
CADI_POP4;2010;8;12.9175979185892;42.2825;1.5738;2394;51.6655110824361;-7.345365e-22;6.34920634920635e-05;0
CADI_POP4;2010;9;8.7633047201043;42.2825;1.5738;2394;95.9179268999519;-7.345365e-22;0.124438303281121;0
CADI_POP4;2010;10;4.93726660168925;42.2825;1.5738;2394;84.2860954166205;0.09450605;0.898816951977769;0
CADI_POP4;2010;11;0.268177718892464;42.2825;1.5738;2394;34.9088976911977;1.7415365;14.4879037445377;53.8461538461538
CADI_POP4;2010;12;-1.69079990166368;42.2825;1.5738;2394;35.2189777500278;3.2069051;30.0917100850124;43.75
CADI_POP4;2011;1;-2.13824602410473;42.2825;1.5738;2394;26.5800320642321;1.6003025;66.3203899893534;83.3333333333333
CADI_POP4;2011;2;-0.423243442964301;42.2825;1.5738;2394;14.5838357864358;3.2958984;131.928710322722;63.6363636363636
CADI_POP4;2011;3;-0.145262119430106;42.2825;1.5738;2394;86.3458291245791;2.3784022;136.140832973852;53.8461538461538
CADI_POP4;2011;4;6.11410709003395;42.2825;1.5738;2394;48.401548973249;-7.345365e-22;151.770798792483;15.3846153846154
CADI_POP4;2011;5;8.21092512339566;42.2825;1.5738;2394;102.748711760462;-7.345365e-22;89.597830137254;0
CADI_POP4;2011;6;10.8043601547287;42.2825;1.5738;2394;93.4665671337922;0.009765625;12.2741349871583;0
CADI_POP4;2011;7;11.9683723194927;42.2825;1.5738;2394;83.791688997114;-7.345365e-22;0.0003809523809523;0
CADI_POP4;2011;8;13.1715736449035;42.2825;1.5738;2394;42.9752987854738;-7.345365e-22;6.34920634920635e-05;0
CADI_POP4;2011;9;11.9286057959916;42.2825;1.5738;2394;44.9132308987309;-7.345365e-22;0.124438303281121;0
CADI_POP4;2011;10;6.27583704748475;42.2825;1.5738;2394;53.3289705757206;0.0031502016;0.34717211522212;0
CADI_POP4;2011;11;2.65700883196963;42.2825;1.5738;2394;87.3220010323011;0.055338543;12.556106292302;44.4444444444444
CADI_POP4;2011;12;0.780005844938431;42.2825;1.5738;2394;9.14703321308322;0.45362905;32.653752397329;0
CADI_POP4;2012;1;0.26152401497194;42.2825;1.5738;2394;4.14210105820106;0.41582662;67.343420181843;6.25
CADI_POP4;2012;2;-4.01960917797926;42.2825;1.5738;2394;8.15443797498798;3.1957166;127.714825008391;0
CADI_POP4;2012;3;0.692639996900854;42.2825;1.5738;2394;78.8069571909572;0.7686492;162.880913926506;20
CADI_POP4;2012;4;0.674127751534934;42.2825;1.5738;2394;90.5873479483479;0.76497394;179.051079378814;100
CADI_POP4;2012;5;7.96702267265855;42.2825;1.5738;2394;96.1920755050505;0.11655746;104.770288294347;0
CADI_POP4;2012;6;12.9842502352323;42.2825;1.5738;2394;48.3574581890332;-7.345365e-22;12.0045496597706;0
CADI_POP4;2012;7;13.176829146021;42.2825;1.5738;2394;56.2099232202982;-7.345365e-22;0.0003809523809523;0
CADI_POP4;2012;8;12.050703050166;42.2825;1.5738;2394;47.98994503552;-7.345365e-22;6.34920634920635e-05;0
CADI_POP4;2012;9;9.66166312151537;42.2825;1.5738;2394;82.5012089225589;0.0032552083;0.272931620486381;0
CADI_POP4;2012;10;6.15857100950282;42.2825;1.5738;2394;83.0347590307841;0.18271169;1.27866796566681;6.66666666666667
CADI_POP4;2012;11;2.62979801680713;42.2825;1.5738;2394;51.0948894300144;0.68684894;14.8251778040677;7.69230769230769
CADI_POP4;2012;12;0.375020048839584;42.2825;1.5738;2394;14.623850986051;2.205141;27.6092490251324;41.1764705882353
CADI_POP4;2013;1;-1.23729814572419;42.2825;1.5738;2394;73.6313908128908;6.6500754;72.9754421746866;53.3333333333333
CADI_POP4;2013;2;-3.2283218403211;42.2825;1.5738;2394;31.3348081344581;8.928572;132.326894491457;100
CADI_POP4;2013;3;-0.924503097055942;42.2825;1.5738;2394;87.1262037333038;4.230721;186.179027909572;92.3076923076923
CADI_POP4;2013;4;1.8708844517072;42.2825;1.5738;2394;94.0876041652792;1.8782552;152.533485074282;83.3333333333333
CADI_POP4;2013;5;3.07317713818796;42.2825;1.5738;2394;86.7068417008918;0.36857358;126.914196992145;50
CADI_POP4;2013;6;9.74683413561873;42.2825;1.5738;2394;55.3541966265216;0.016276041;38.5785187482684;0
CADI_POP4;2013;7;13.1377313237888;42.2825;1.5738;2394;123.948658273208;-7.345365e-22;0.0003809523809523;0
CADI_POP4;2013;8;13.1647357784957;42.2825;1.5738;2394;61.8783884920635;-7.345365e-22;6.34920634920635e-05;0
CADI_POP4;2013;9;10.2082400485159;42.2825;1.5738;2394;47.0807675380175;-7.345365e-22;0.124438303281121;0
CADI_POP4;2013;10;7.45294092265946;42.2825;1.5738;2394;32.2592168627668;0.04095262;1.52870713679388;0
CADI_POP4;2013;11;1.48884344798334;42.2825;1.5738;2394;59.7101948172198;4.283854;19.2193930433598;50
CADI_POP4;2013;12;0.419917377503001;42.2825;1.5738;2394;29.6928335978836;3.9976058;35.0092466645999;82.3529411764706
CADI_POP4;2014;1;-0.731334436811343;42.2825;1.5738;2394;95.2331675204425;2.608367;65.7010227377466;93.3333333333333
CADI_POP4;2014;2;-1.33823433190843;42.2825;1.5738;2394;57.5877395622896;6.1418805;121.099916770404;100
CADI_POP4;2014;3;-0.0590016862476313;42.2825;1.5738;2394;34.8523619010619;2.4886594;139.660579127855;94.7368421052632
CADI_POP4;2014;4;3.96601526151519;42.2825;1.5738;2394;92.6783707671958;0.07486979;156.461316676944;33.3333333333333
CADI_POP4;2014;5;6.20721888887436;42.2825;1.5738;2394;62.3412726634477;0.028351815;92.3007268868067;0
CADI_POP4;2014;6;11.3743196102852;42.2825;1.5738;2394;101.935959001184;-7.345365e-22;12.0045496597706;0
CADI_POP4;2014;7;12.4616344395084;42.2825;1.5738;2394;95.6432924482925;-7.345365e-22;0.0003809523809523;0
CADI_POP4;2014;8;12.6327240381837;42.2825;1.5738;2394;153.025448280423;-7.345365e-22;6.34920634920635e-05;0
CADI_POP4;2014;9;10.7172680873429;42.2825;1.5738;2394;99.9596040764791;-7.345365e-22;0.124438303281121;0
CADI_POP4;2014;10;7.18784290095842;42.2825;1.5738;2394;49.2995363275613;-7.345365e-22;0.350015853870966;0
CADI_POP4;2014;11;2.24665484772993;42.2825;1.5738;2394;160.560580056055;0.20833333;15.2866335396384;50
CADI_POP4;2014;12;0.535238414052391;42.2825;1.5738;2394;15.7690121693122;1.8176663;29.7126656360739;40
CADI_POP4;2015;1;-0.899073267104007;42.2825;1.5738;2394;34.5359792513043;3.1974547;66.5488911593288;35
CADI_POP4;2015;2;-3.7297844631101;42.2825;1.5738;2394;31.3348081344581;13.141741;147.81743704385;80
CADI_POP4;2015;3;0.952526863623817;42.2825;1.5738;2394;34.5358297582048;1.9940776;135.473265230109;42.8571428571429
CADI_POP4;2015;4;3.46899795101467;42.2825;1.5738;2394;46.493664988715;0.026041666;152.009321522471;0
CADI_POP4;2015;5;9.0731499082036;42.2825;1.5738;2394;40.1066936628187;0.012600807;89.6059556380756;0
CADI_POP4;2015;6;12.2269007751714;42.2825;1.5738;2394;154.644943173493;-7.345365e-22;12.0045496597706;0
CADI_POP4;2015;7;15.8723291262218;42.2825;1.5738;2394;95.7363358225108;-7.345365e-22;0.0003809523809523;0
CADI_POP4;2015;8;13.1504562914096;42.2825;1.5738;2394;139.266218446368;-7.345365e-22;6.34920634920635e-05;0
CADI_POP4;2015;9;8.92370772195712;42.2825;1.5738;2394;82.7411634199134;-7.345365e-22;0.124438303281121;0
CADI_POP4;2015;10;5.78079999459299;42.2825;1.5738;2394;38.1011843434344;-7.345365e-22;0.350015853870966;0
CADI_POP4;2015;11;2.70457345881042;42.2825;1.5738;2394;79.9926522477524;0.95377606;14.9666647938333;10.5263157894737
CADI_POP4;2015;12;0.846058871553281;42.2825;1.5738;2394;4.23028888888889;0.48513106;32.653752397329;0
CADI_POP4;2016;1;-0.029304932830403;42.2825;1.5738;2394;18.4502721417471;1.2443297;68.0947209351937;54.5454545454545
CADI_POP4;2016;2;-1.17028446829957;42.2825;1.5738;2394;87.8623354608354;2.0911908;109.420086917115;81.8181818181818
CADI_POP4;2016;3;-0.88685530429067;42.2825;1.5738;2394;40.7695307100307;3.6164315;188.049859020735;100
CADI_POP4;2016;4;2.26783946752073;42.2825;1.5738;2394;89.5267484829985;0.69661456;178.116991289657;77.7777777777778
CADI_POP4;2016;5;6.12563766008449;42.2825;1.5738;2394;88.1405467994969;0.015751008;89.6059556380756;0
CADI_POP4;2016;6;11.4426378335394;42.2825;1.5738;2394;66.5269775419025;-7.345365e-22;12.0045496597706;0
CADI_POP4;2016;7;10.741695453919;42.2825;1.5738;2394;65.3122732609982;-7.345365e-22;0.0003809523809523;0
CADI_POP4;2016;8;11.7872231943324;42.2825;1.5738;2394;50.5211977355977;-7.345365e-22;6.34920634920635e-05;0
CADI_POP4;2016;9;4.95024343421989;42.2825;1.5738;2394;64.2972674723425;-7.345365e-22;0.124438303281121;0
CADI_POP4;2016;10;3.58708397714497;42.2825;1.5738;2394;85.5660898027898;-7.345365e-22;0.350015853870966;5.88235294117647
CADI_POP4;2016;11;-2.51769379972173;42.2825;1.5738;2394;140.947758407334;0.40690103;15.2268712013942;12.5
CADI_POP4;2016;12;-2.75863822350081;42.2825;1.5738;2394;5.43266158008658;0.10080645;30.2475275356661;89.4736842105263
CADI_POP4;2017;1;-3.31335812095563;42.2825;1.5738;2394;54.5584038063788;9.734123;84.7808290248301;91.6666666666667
CADI_POP4;2017;2;-0.610243881860821;42.2825;1.5738;2394;83.2049902116402;9.842355;138.668761911183;100
CADI_POP4;2017;3;1.69919987144416;42.2825;1.5738;2394;94.6671756900507;2.8036795;141.260169957212;86.6666666666667
CADI_POP4;2017;4;2.9752483737763;42.2825;1.5738;2394;97.3975177248677;0.859375;179.442207997152;44.4444444444444
CADI_POP4;2017;5;8.22110339844447;42.2825;1.5738;2394;94.0390515225515;0.07875504;98.7469284067063;0
CADI_POP4;2017;6;13.3159215314425;42.2825;1.5738;2394;62.2013797905798;-7.345365e-22;12.0045496597706;0
CADI_POP4;2017;7;11.8885371500778;42.2825;1.5738;2394;40.1820198218448;-7.345365e-22;0.0003809523809523;0
CADI_POP4;2017;8;11.6840775248395;42.2825;1.5738;2394;52.3276752072002;-7.345365e-22;6.34920634920635e-05;0
CADI_POP4;2017;9;8.56474779782418;42.2825;1.5738;2394;78.2271443241943;0.009765625;0.641333269111392;0
CADI_POP4;2017;10;7.94233247494803;42.2825;1.5738;2394;42.2656532560033;-7.345365e-22;0.350015853870966;0
CADI_POP4;2017;11;0.880405375883086;42.2825;1.5738;2394;30.2647890748141;0.41341147;15.2268712013942;11.1111111111111
CADI_POP4;2017;12;-1.48014257031726;42.2825;1.5738;2394;44.3819460678211;2.3469002;27.6669959577805;78.5714285714286
CADI_POP4;2018;1;-0.700866054685316;42.2825;1.5738;2394;72.8543627997003;6.284652;71.0029856887571;100
CADI_POP4;2018;2;-4.473845549257;42.2825;1.5738;2394;92.5816610805861;18.98019;148.312500640062;92.3076923076923
CADI_POP4;2018;3;-1.44547032106989;42.2825;1.5738;2394;87.1831865384616;9.812878;184.758785997443;75
CADI_POP4;2018;4;2.90034643981393;42.2825;1.5738;2394;155.486005964406;3.8151042;207.168917212646;100
CADI_POP4;2018;5;5.94334000827585;42.2825;1.5738;2394;131.919136856662;0.23626512;121.440871701377;0
CADI_POP4;2018;6;11.7324193560571;42.2825;1.5738;2394;65.3722871138121;-7.345365e-22;12.0045496597706;0
CADI_POP4;2018;7;10.7165368153377;42.2825;1.5738;2394;84.636124037999;-7.345365e-22;0.0003809523809523;0
CADI_POP4;2018;8;11.7111865847219;42.2825;1.5738;2394;84.4886028739779;-7.345365e-22;6.34920634920635e-05;0
CADI_POP4;2018;9;11.766772078013;42.2825;1.5738;2394;49.7925123811374;-7.345365e-22;0.124438303281121;0
CADI_POP4;2018;10;5.6563275866589;42.2825;1.5738;2394;150.455332452732;0.90410787;4.90023057009434;0
CADI_POP4;2018;11;1.55777955592531;42.2825;1.5738;2394;93.1443941678692;2.0149739;14.8375064505191;87.5
CADI_POP4;2018;12;0.803374018089343;42.2825;1.5738;2394;27.4167881673882;0.32447076;31.8099190475753;80
CADI_POP4;2019;1;-2.99577636704567;42.2825;1.5738;2394;33.1273857485107;4.775706;67.7889991071116;50
CADI_POP4;2019;2;0.137458085420116;42.2825;1.5738;2394;12.6673666426166;5.695452;120.034710682352;90.9090909090909
CADI_POP4;2019;3;1.18098773940329;42.2825;1.5738;2394;4.18566204906205;0.07875504;146.743206669301;13.6363636363636
CADI_POP4;2019;4;1.53341429123628;42.2825;1.5738;2394;85.1703491573242;0.8496094;179.442207997152;33.3333333333333
CADI_POP4;2019;5;5.52630634214944;42.2825;1.5738;2394;93.8547111111111;0.03780242;93.9868641929303;7.14285714285714
CADI_POP4;2019;6;12.0895560063207;42.2825;1.5738;2394;54.9019050791801;0.0065104165;12.2411955576231;0
CADI_POP4;2019;7;11.8381172450879;42.2825;1.5738;2394;95.8963053872054;-7.345365e-22;0.0003809523809523;0
CADI_POP4;2019;8;11.0650678812281;42.2825;1.5738;2394;48.776602982203;-7.345365e-22;6.34920634920635e-05;0
CADI_POP4;2019;9;10.9660199028239;42.2825;1.5738;2394;48.2972761211011;-7.345365e-22;0.124438303281121;0
CADI_POP4;2019;10;6.78471907491747;42.2825;1.5738;2394;126.492246007696;0.0031502016;0.34717211522212;0
CADI_POP4;2019;11;-0.663109559518274;42.2825;1.5738;2394;88.4138305194805;2.688802;17.2165214041007;90.9090909090909
CADI_POP4;2019;12;0.625401398985124;42.2825;1.5738;2394;86.4004181633182;1.2411795;42.3148315161029;93.3333333333333
CADI_POP4;2020;1;-0.795285192661764;42.2825;1.5738;2394;96.432724001924;6.0893397;70.962897505147;58.3333333333333
CADI_POP4;2020;2;1.49972311043089;42.2825;1.5738;2394;3.07188478928479;0.5926724;130.050764339526;90
CADI_POP4;2020;3;-0.0600551722585849;42.2825;1.5738;2394;63.1980151394901;2.9422884;141.316951416918;66.6666666666667
CADI_POP4;2020;4;3.02761595900884;42.2825;1.5738;2394;47.8317647306398;0.52408856;177.091122849988;50
CADI_POP4;2020;5;8.46101451901045;42.2825;1.5738;2394;91.1646616022867;0.0031502016;89.6209799182178;0
CADI_POP4;2020;6;8.64579291563217;42.2825;1.5738;2394;116.097090012765;0.009765625;12.2741349871583;0
CADI_POP4;2020;7;11.6054656769906;42.2825;1.5738;2394;79.6573317460318;-7.345365e-22;0.0003809523809523;0
CADI_POP4;2020;8;13.1790358033096;42.2825;1.5738;2394;98.8647226791727;-7.345365e-22;6.34920634920635e-05;0
CADI_POP4;2020;9;8.36227113744578;42.2825;1.5738;2394;36.6331212583713;0.029296875;1.5131314235975;0
CADI_POP4;2020;10;3.80057436072082;42.2825;1.5738;2394;64.484608055833;0.103956655;0.889542873390329;0
CADI_POP4;2020;11;2.40291667192119;42.2825;1.5738;2394;80.9852063131313;0.087890625;12.5528425028719;7.69230769230769
CADI_POP4;2020;12;-1.08438019926965;42.2825;1.5738;2394;15.2250987012987;2.375252;27.6669959577805;76.9230769230769
EYNE_POP1;2000;1;-5.53914508452883;42.4497;2.13;2655;16.3795014467014;2.4855092;71.0993878769211;NA
EYNE_POP1;2000;2;-0.886368103607147;42.4497;2.13;2655;32.8497802632553;1.6130118;112.530343226195;100
EYNE_POP1;2000;3;-1.50157895498808;42.4497;2.13;2655;61.4840460215711;1.6633065;136.535516512148;25
EYNE_POP1;2000;4;-0.0637480306702732;42.4497;2.13;2655;84.8039338624338;1.2727865;173.556822329462;100
EYNE_POP1;2000;5;5.96036987834249;42.4497;2.13;2655;95.207701983202;0.0031502016;97.2052714652535;0
EYNE_POP1;2000;6;9.19534966982286;42.4497;2.13;2655;123.730160575536;0.25390625;39.696264980951;0
EYNE_POP1;2000;7;10.6647984867763;42.4497;2.13;2655;49.4318194157694;-7.345365e-22;6.13804393795281;0
EYNE_POP1;2000;8;12.0862665747115;42.4497;2.13;2655;45.9848331640582;-7.345365e-22;0.0033427671492187;0
EYNE_POP1;2000;9;8.48747088476879;42.4497;2.13;2655;86.7988893153143;-7.345365e-22;0.118277540124696;0
EYNE_POP1;2000;10;3.21199476225602;42.4497;2.13;2655;70.6999499778;0.5733367;2.23598753950484;14.2857142857143
EYNE_POP1;2000;11;-0.130995997753712;42.4497;2.13;2655;49.9497119684864;0.73567706;15.9574775821413;57.1428571428571
EYNE_POP1;2000;12;-1.62355255463891;42.4497;2.13;2655;98.5970460548711;2.4540071;34.6645424270376;100
EYNE_POP1;2001;1;-3.22742349739156;42.4497;2.13;2655;78.2542509388759;8.974924;89.7331537470361;100
EYNE_POP1;2001;2;-3.40397666939712;42.4497;2.13;2655;29.8014733770323;7.4567523;134.112236791081;100
EYNE_POP1;2001;3;0.540909217005473;42.4497;2.13;2655;81.7457414261664;0.812752;166.634703497346;80
EYNE_POP1;2001;4;-0.217819003144499;42.4497;2.13;2655;69.2266644781145;1.2565104;173.556822329462;33.3333333333333
EYNE_POP1;2001;5;3.82522871085349;42.4497;2.13;2655;71.9016796259698;0.1795615;116.587991204115;0
EYNE_POP1;2001;6;10.0900730822447;42.4497;2.13;2655;41.8027316257816;-7.345365e-22;28.3886368393492;0
EYNE_POP1;2001;7;10.8262114498667;42.4497;2.13;2655;100.569722222222;0.009450605;6.47926752419414;0
EYNE_POP1;2001;8;12.2051330804572;42.4497;2.13;2655;39.17192496855;-7.345365e-22;0.0033427671492187;0
EYNE_POP1;2001;9;6.25754338727365;42.4497;2.13;2655;40.6267786096256;-7.345365e-22;0.118277540124696;0
EYNE_POP1;2001;10;6.04253387365363;42.4497;2.13;2655;37.9939626954064;-7.345365e-22;0.322863112600124;0
EYNE_POP1;2001;11;-1.80848486250683;42.4497;2.13;2655;91.6515519832021;19.182943;99.4056118182462;53.8461538461538
EYNE_POP1;2001;12;-1.71339106171805;42.4497;2.13;2655;23.2416796333296;13.747479;86.4418427702478;100
EYNE_POP1;2002;1;-2.65990047031183;42.4497;2.13;2655;21.9770318228068;8.307081;87.9881898523993;93.75
EYNE_POP1;2002;2;-3.00019649575059;42.4497;2.13;2655;39.7189208874458;4.4921875;125.167580599389;100
EYNE_POP1;2002;3;-0.906161568352089;42.4497;2.13;2655;44.3998073778074;1.6066028;136.722379297959;100
EYNE_POP1;2002;4;-0.144429400965516;42.4497;2.13;2655;112.029601250601;3.9322917;212.853787170398;85.7142857142857
EYNE_POP1;2002;5;2.83094407635991;42.4497;2.13;2655;155.069576960077;0.64579135;159.367766944648;33.3333333333333
EYNE_POP1;2002;6;10.1671959750028;42.4497;2.13;2655;101.353844869945;0.33203125;40.5534213109324;0
EYNE_POP1;2002;7;10.7904515456612;42.4497;2.13;2655;98.1368042920043;-7.2791904e-22;6.13804393795281;0
EYNE_POP1;2002;8;9.1389034873671;42.4497;2.13;2655;164.736404545454;-7.2791904e-22;0.0033427671492187;0
EYNE_POP1;2002;9;6.30487761974773;42.4497;2.13;2655;85.8437002969655;-7.2791904e-22;0.118277540124696;0
EYNE_POP1;2002;10;4.91194343071032;42.4497;2.13;2655;62.9036442659193;0.031502016;1.43303498794344;0
EYNE_POP1;2002;11;-0.878843206898837;42.4497;2.13;2655;93.6906547554298;0.86588544;15.5762847417224;72.7272727272727
EYNE_POP1;2002;12;-1.10806885995767;42.4497;2.13;2655;55.1110182424057;11.491936;74.3296528567486;100
EYNE_POP1;2003;1;-5.76453875752676;42.4497;2.13;2655;70.3411094276094;9.926286;90.3977676180038;100
EYNE_POP1;2003;2;-7.09851656658206;42.4497;2.13;2655;136.204134603359;38.752094;179.582468745173;100
EYNE_POP1;2003;3;-1.13360092163136;42.4497;2.13;2655;45.6561966644467;13.665575;195.619964994173;100
EYNE_POP1;2003;4;0.613323250412567;42.4497;2.13;2655;45.0227692400193;1.2890625;173.556822329462;85.7142857142857
EYNE_POP1;2003;5;5.50219323379934;42.4497;2.13;2655;95.3161927479928;0.25201613;130.635219411094;0
EYNE_POP1;2003;6;12.2860132448475;42.4497;2.13;2655;72.5471750185;-7.2791904e-22;28.3886368393492;0
EYNE_POP1;2003;7;12.2905232613205;42.4497;2.13;2655;57.9544339299589;-7.2791904e-22;6.13804393795281;0
EYNE_POP1;2003;8;12.2365943891595;42.4497;2.13;2655;67.4233527158027;-7.3026714e-22;0.0033427671492187;0
EYNE_POP1;2003;9;7.04904329009241;42.4497;2.13;2655;119.091534247234;-7.345365e-22;0.118277540124696;0
EYNE_POP1;2003;10;2.96452333862713;42.4497;2.13;2655;114.213029443704;0.24886593;2.3574150135319;0
EYNE_POP1;2003;11;1.02548728744054;42.4497;2.13;2655;76.931904978355;0.32226562;16.5051524892618;71.4285714285714
EYNE_POP1;2003;12;-3.22428170040441;42.4497;2.13;2655;127.066995430495;31.473665;86.4708195518438;100
EYNE_POP1;2004;1;-3.30441415368685;42.4497;2.13;2655;68.1367112604988;32.875504;101.984161200028;90.9090909090909
EYNE_POP1;2004;2;-4.03309180839043;42.4497;2.13;2655;53.272521976172;22.740437;167.580454367927;100
EYNE_POP1;2004;3;-3.30676933830355;42.4497;2.13;2655;78.2209658369409;13.460812;195.757331026978;100
EYNE_POP1;2004;4;-0.781437621662536;42.4497;2.13;2655;150.134479052429;2.9069011;163.421947764964;100
EYNE_POP1;2004;5;2.02394332163888;42.4497;2.13;2655;93.9192910996411;0.36542338;135.54799952975;75
EYNE_POP1;2004;6;9.99758380517629;42.4497;2.13;2655;62.7057663244163;-7.2791904e-22;28.3886368393492;16.6666666666667
EYNE_POP1;2004;7;11.5383622049541;42.4497;2.13;2655;57.2253938912939;-7.306941e-22;6.13804393795281;0
EYNE_POP1;2004;8;12.232178460267;42.4497;2.13;2655;76.5917243265994;-7.345365e-22;0.0033427671492187;0
EYNE_POP1;2004;9;8.94189152604922;42.4497;2.13;2655;46.6766729511229;-7.345365e-22;0.118277540124696;0
EYNE_POP1;2004;10;5.18220638061991;42.4497;2.13;2655;48.7666168862539;0.27091733;2.82242360575898;6.66666666666667
EYNE_POP1;2004;11;-1.75554229101384;42.4497;2.13;2655;41.3945153492341;2.3600261;15.0413859436399;66.6666666666667
EYNE_POP1;2004;12;-2.9356172204091;42.4497;2.13;2655;104.462764464239;3.515625;40.3302766463103;100
EYNE_POP1;2005;1;-5.61003834879563;42.4497;2.13;2655;58.7533687469937;6.309854;75.8738933524719;100
EYNE_POP1;2005;2;-7.7375413590594;42.4497;2.13;2655;76.2993251683501;33.234516;179.482060268517;100
EYNE_POP1;2005;3;-2.80732482623276;42.4497;2.13;2655;38.0359835883479;21.71749;202.297572102054;100
EYNE_POP1;2005;4;-0.0909566675938007;42.4497;2.13;2655;42.7414414816665;1.328125;173.556822329462;75
EYNE_POP1;2005;5;5.7851927650999;42.4497;2.13;2655;96.6063206339957;0.22051412;124.741278407868;20
EYNE_POP1;2005;6;10.852239280054;42.4497;2.13;2655;101.83386500629;-7.345365e-22;28.3886368393492;0
EYNE_POP1;2005;7;12.1047005978548;42.4497;2.13;2655;82.78606508584;-7.345365e-22;6.13804393795281;0
EYNE_POP1;2005;8;10.5170035145091;42.4497;2.13;2655;55.8936126974877;-7.345365e-22;0.0033427671492187;0
EYNE_POP1;2005;9;6.80299735277785;42.4497;2.13;2655;83.9698955350607;-7.345365e-22;0.118277540124696;0
EYNE_POP1;2005;10;5.24505448488967;42.4497;2.13;2655;89.2372234469235;0.02205141;1.6715507003405;0
EYNE_POP1;2005;11;-1.80301302244636;42.4497;2.13;2655;80.6751944564695;2.9947917;15.4909250585634;84.6153846153846
EYNE_POP1;2005;12;-2.36977407226747;42.4497;2.13;2655;23.4021341686092;8.026713;58.8734039412634;100
EYNE_POP1;2006;1;-5.41359029924555;42.4497;2.13;2655;146.929703145928;13.4765625;100.479959926092;100
EYNE_POP1;2006;2;-4.62064955089306;42.4497;2.13;2655;16.3413248026483;36.15025;182.725629938431;100
EYNE_POP1;2006;3;-1.62585345908467;42.4497;2.13;2655;84.9327674723425;20.400705;196.960200183527;100
EYNE_POP1;2006;4;1.8869479961139;42.4497;2.13;2655;33.0864647113351;0.035807293;155.770303927432;75
EYNE_POP1;2006;5;6.29562457144222;42.4497;2.13;2655;27.6745612180069;0.009450605;97.1902471851114;7.14285714285714
EYNE_POP1;2006;6;10.4484451602527;42.4497;2.13;2655;49.1380486892738;-7.345365e-22;28.3886368393492;0
EYNE_POP1;2006;7;11.9930587045343;42.4497;2.13;2655;62.1918668636918;-7.345365e-22;6.13804393795281;0
EYNE_POP1;2006;8;9.55120122462992;42.4497;2.13;2655;78.1790372294373;-7.345365e-22;0.0033427671492187;0
EYNE_POP1;2006;9;8.88908623793827;42.4497;2.13;2655;90.9749615319866;-7.345365e-22;0.118277540124696;5.55555555555556
EYNE_POP1;2006;10;6.20255592060018;42.4497;2.13;2655;46.2214255772005;0.01890121;1.12854703100013;14.2857142857143
EYNE_POP1;2006;11;2.38021021194461;42.4497;2.13;2655;21.86526497299;0.07486979;14.5704291579026;0
EYNE_POP1;2006;12;-1.94145103853131;42.4497;2.13;2655;22.038023965849;1.001764;40.6863066581608;77.7777777777778
EYNE_POP1;2007;1;-1.28537145019824;42.4497;2.13;2655;14.5883223424723;0.73714715;72.7073337475827;22.2222222222222
EYNE_POP1;2007;2;-1.56599614635733;42.4497;2.13;2655;38.0744454665704;1.4753069;116.084904699639;77.7777777777778
EYNE_POP1;2007;3;-2.71851908869666;42.4497;2.13;2655;51.0579499352499;3.7896926;193.154222711894;55.5555555555556
EYNE_POP1;2007;4;1.68276373417267;42.4497;2.13;2655;120.236729526954;1.2597656;173.556822329462;80
EYNE_POP1;2007;5;4.32580447996333;42.4497;2.13;2655;94.936736001961;0.27091733;134.071525379097;28.5714285714286
EYNE_POP1;2007;6;9.43941478943491;42.4497;2.13;2655;49.1470321548822;0.0032552083;27.9477267229947;0
EYNE_POP1;2007;7;11.7489815670623;42.4497;2.13;2655;30.5219058538865;-7.345365e-22;6.13804393795281;0
EYNE_POP1;2007;8;10.5040321362519;42.4497;2.13;2655;100.660933970659;-7.345365e-22;0.0033427671492187;5
EYNE_POP1;2007;9;6.74876649994375;42.4497;2.13;2655;47.6259182558183;0.084635414;0.733601629143115;0
EYNE_POP1;2007;10;3.59263927626337;42.4497;2.13;2655;55.0837195276945;0.07560484;0.819326733232553;25
EYNE_POP1;2007;11;0.550285653366336;42.4497;2.13;2655;23.8489337560588;0.42643228;16.0154650338467;0
EYNE_POP1;2007;12;-3.75735483724323;42.4497;2.13;2655;46.2160461159211;2.1452873;34.6067954943896;66.6666666666667
EYNE_POP1;2008;1;-2.24675597591101;42.4497;2.13;2655;42.0344900974025;2.7816281;71.0993878769211;66.6666666666667
EYNE_POP1;2008;2;-1.02316350691016;42.4497;2.13;2655;30.1433991105581;0.90247846;133.47102233219;23.0769230769231
EYNE_POP1;2008;3;-2.22063389680841;42.4497;2.13;2655;73.3857276584526;4.044859;193.080924347456;25
EYNE_POP1;2008;4;-0.011501034641283;42.4497;2.13;2655;69.3575396103896;1.2402344;174.700212789762;90
EYNE_POP1;2008;5;3.36973440931971;42.4497;2.13;2655;162.364624642949;0.07245464;106.473527542534;50
EYNE_POP1;2008;6;8.27939666376953;42.4497;2.13;2655;102.434870509121;-7.345365e-22;28.3886368393492;0
EYNE_POP1;2008;7;11.5271623669096;42.4497;2.13;2655;83.4976314158064;-7.345365e-22;6.13804393795281;0
EYNE_POP1;2008;8;11.554851840744;42.4497;2.13;2655;62.1528166888667;-7.345365e-22;0.0033427671492187;0
EYNE_POP1;2008;9;6.41431135237124;42.4497;2.13;2655;50.5836526214526;0.01953125;1.59402347918414;0
EYNE_POP1;2008;10;3.44162707284464;42.4497;2.13;2655;89.1231944435194;1.7389113;5.825149896086;0
EYNE_POP1;2008;11;-1.7042063842466;42.4497;2.13;2655;90.2441413410664;3.2682292;16.0247102239421;100
EYNE_POP1;2008;12;-3.80241328932914;42.4497;2.13;2655;77.8695790885041;23.59501;91.6811095345656;100
EYNE_POP1;2009;1;-5.7684040588862;42.4497;2.13;2655;66.445521445684;60.524822;110.169322601232;100
EYNE_POP1;2009;2;-3.94273667527508;42.4497;2.13;2655;51.858567027417;67.36537;179.163389336758;100
EYNE_POP1;2009;3;-1.66735947794942;42.4497;2.13;2655;44.3874304057054;30.619959;209.779024021654;100
EYNE_POP1;2009;4;-1.15044274582532;42.4497;2.13;2655;130.9060752812;4.2252603;210.690646750834;100
EYNE_POP1;2009;5;6.56624375690865;42.4497;2.13;2655;56.2474793003293;0.05670363;102.661646647395;14.2857142857143
EYNE_POP1;2009;6;9.34213086822349;42.4497;2.13;2655;102.020614561365;-7.345365e-22;28.3886368393492;0
EYNE_POP1;2009;7;12.1678562198188;42.4497;2.13;2655;72.4149982887483;-7.345365e-22;6.13804393795281;0
EYNE_POP1;2009;8;12.324205610987;42.4497;2.13;2655;83.4961930948681;-7.345365e-22;0.0033427671492187;0
EYNE_POP1;2009;9;6.80557423225445;42.4497;2.13;2655;85.5892100853253;0.0032552083;0.227851722561418;0
EYNE_POP1;2009;10;5.02954252318712;42.4497;2.13;2655;61.1485793909794;0.03465222;1.40046318870018;0
EYNE_POP1;2009;11;0.978820299532414;42.4497;2.13;2655;60.9326567219817;1.155599;16.2217800051749;16.6666666666667
EYNE_POP1;2009;12;-2.29966569903442;42.4497;2.13;2655;66.1649733285233;4.5268397;41.0695486855943;100
EYNE_POP1;2010;1;-5.70601526157259;42.4497;2.13;2655;56.6736207315832;24.936996;101.570948386091;100
EYNE_POP1;2010;2;-5.85022235583228;42.4497;2.13;2655;35.5884844581345;40.13672;177.112099654837;100
EYNE_POP1;2010;3;-3.66173886300596;42.4497;2.13;2655;92.4482251258002;39.446823;208.701139321632;100
EYNE_POP1;2010;4;0.639470480829906;42.4497;2.13;2655;34.6922118030118;1.1523438;174.05578829841;85.7142857142857
EYNE_POP1;2010;5;1.99899408357944;42.4497;2.13;2655;144.704860283235;3.295111;185.754135933031;85.7142857142857
EYNE_POP1;2010;6;6.87360709117846;42.4497;2.13;2655;151.126752712103;0.01953125;49.5205954811035;0
EYNE_POP1;2010;7;12.2971708719789;42.4497;2.13;2655;93.0444244986495;-7.345365e-22;6.13804393795281;0
EYNE_POP1;2010;8;10.9658508658922;42.4497;2.13;2655;81.0977442363595;-7.345365e-22;0.0033427671492187;0
EYNE_POP1;2010;9;6.75262255768489;42.4497;2.13;2655;82.9585700420352;-7.345365e-22;0.118277540124696;0
EYNE_POP1;2010;10;3.28430161639814;42.4497;2.13;2655;130.710182977208;0.17011088;0.818636552469566;7.14285714285714
EYNE_POP1;2010;11;-1.82667429330036;42.4497;2.13;2655;35.9985567700818;1.8261719;13.7794310288271;53.8461538461538
EYNE_POP1;2010;12;-3.70775743764562;42.4497;2.13;2655;36.7283363118363;3.3329134;37.6125929418917;50
EYNE_POP1;2011;1;-3.03918484310336;42.4497;2.13;2655;35.466865965516;2.4004536;71.1044299872023;54.5454545454545
EYNE_POP1;2011;2;-3.12200870089695;42.4497;2.13;2655;32.5887790169933;5.6152344;123.614303503855;80
EYNE_POP1;2011;3;-2.03727161457992;42.4497;2.13;2655;106.838219610945;2.8887348;142.876443247105;100
EYNE_POP1;2011;4;2.93407560501677;42.4497;2.13;2655;41.705441519129;0.013020833;154.248946699236;50
EYNE_POP1;2011;5;6.0038259916469;42.4497;2.13;2655;90.2911538600288;0.0031502016;97.2052714652535;0
EYNE_POP1;2011;6;8.17592089418666;42.4497;2.13;2655;116.447076653902;0.029296875;51.4872392707462;0
EYNE_POP1;2011;7;9.80617717376302;42.4497;2.13;2655;99.3588316137566;-7.345365e-22;6.13804393795281;0
EYNE_POP1;2011;8;12.2234679822146;42.4497;2.13;2655;69.5408372775373;-7.345365e-22;0.0033427671492187;0
EYNE_POP1;2011;9;9.71567280799703;42.4497;2.13;2655;54.5757563751064;-7.345365e-22;0.118277540124696;0
EYNE_POP1;2011;10;4.93592171130575;42.4497;2.13;2655;46.266050962001;0.025201613;1.47667525062522;0
EYNE_POP1;2011;11;1.96353142498544;42.4497;2.13;2655;148.751970423095;0.22135417;16.4530968140582;90.9090909090909
EYNE_POP1;2011;12;-1.42469582252596;42.4497;2.13;2655;43.8629487817738;1.0836693;45.3851691952317;100
EYNE_POP1;2012;1;-2.80670541057622;42.4497;2.13;2655;24.9460906574907;1.1939265;72.9178179019438;100
EYNE_POP1;2012;2;-7.6701563186223;42.4497;2.13;2655;25.0921374495875;5.6202855;123.614303503855;100
EYNE_POP1;2012;3;-1.47603606034549;42.4497;2.13;2655;80.392875998076;1.6696068;136.535516512148;100
EYNE_POP1;2012;4;-1.21980748717006;42.4497;2.13;2655;97.479392121767;1.8326823;155.464513111295;100
EYNE_POP1;2012;5;5.20450151176463;42.4497;2.13;2655;74.8351308978059;0.16066028;109.328903378327;7.69230769230769
EYNE_POP1;2012;6;11.5568925347481;42.4497;2.13;2655;43.3479732498983;-7.345365e-22;28.3886368393492;0
EYNE_POP1;2012;7;11.6625418200948;42.4497;2.13;2655;12.7506240330476;-7.345365e-22;6.13804393795281;0
EYNE_POP1;2012;8;12.2801546554876;42.4497;2.13;2655;57.2019299302549;-7.345365e-22;0.0033427671492187;0
EYNE_POP1;2012;9;7.81699014198273;42.4497;2.13;2655;85.3123984340136;0.0065104165;0.433997033112678;0
EYNE_POP1;2012;10;5.0680095515993;42.4497;2.13;2655;89.7192597763348;0.33707157;2.42426763177557;25
EYNE_POP1;2012;11;0.950773819794699;42.4497;2.13;2655;39.9544750115625;1.266276;15.4853785775355;28.5714285714286
EYNE_POP1;2012;12;-0.93570629804397;42.4497;2.13;2655;28.5212818487068;4.4890375;41.0695486855943;100
EYNE_POP1;2013;1;-3.28365234816721;42.4497;2.13;2655;77.4130613756614;9.932586;90.3977676180038;75
EYNE_POP1;2013;2;-6.89551016141989;42.4497;2.13;2655;70.7033041532542;23.430525;172.026150676169;100
EYNE_POP1;2013;3;-2.44084831619139;42.4497;2.13;2655;94.1606451354202;21.966356;203.843642907205;100
EYNE_POP1;2013;4;-0.18380445804396;42.4497;2.13;2655;94.9924829947829;3.0533855;182.424312587805;100
EYNE_POP1;2013;5;0.782843070709137;42.4497;2.13;2655;99.1123815036814;0.670993;159.367766944648;66.6666666666667
EYNE_POP1;2013;6;6.91693309897758;42.4497;2.13;2655;61.8228968078218;0.042317707;50.5069620787326;12.5
EYNE_POP1;2013;7;11.7851267128828;42.4497;2.13;2655;153.488499732675;-7.345365e-22;6.13804393795281;0
EYNE_POP1;2013;8;11.6118652419632;42.4497;2.13;2655;56.6246855098605;-7.345365e-22;0.0033427671492187;0
EYNE_POP1;2013;9;8.33610641158577;42.4497;2.13;2655;55.495598980649;-7.345365e-22;0.118277540124696;0
EYNE_POP1;2013;10;6.02162230756474;42.4497;2.13;2655;30.4210637332971;0.11970766;0.745495191989549;0
EYNE_POP1;2013;11;-1.76679016764956;42.4497;2.13;2655;197.072062346912;12.216797;55.664699426741;62.5
EYNE_POP1;2013;12;-0.834603229234149;42.4497;2.13;2655;22.9778029165279;23.147682;107.57633743942;100
EYNE_POP1;2014;1;-2.83379227611868;42.4497;2.13;2655;76.7662060846561;10.401966;103.194395017111;100
EYNE_POP1;2014;2;-3.82588376591909;42.4497;2.13;2655;74.8655597883598;12.65346;152.117774375004;100
EYNE_POP1;2014;3;-1.79599227399942;42.4497;2.13;2655;40.2534016548266;3.496724;190.175437417737;100
EYNE_POP1;2014;4;2.08677288374258;42.4497;2.13;2655;90.5710555296555;0.28320312;177.323895217507;71.4285714285714
EYNE_POP1;2014;5;3.06191359242969;42.4497;2.13;2655;64.6452116124616;0.11655746;112.671024247743;25
EYNE_POP1;2014;6;9.17819117080606;42.4497;2.13;2655;106.42812014097;-7.345365e-22;28.3886368393492;7.14285714285714
EYNE_POP1;2014;7;10.0399397488506;42.4497;2.13;2655;122.332014454064;-7.345365e-22;6.13804393795281;0
EYNE_POP1;2014;8;10.3937737242922;42.4497;2.13;2655;123.236247631073;-7.345365e-22;0.0033427671492187;0
EYNE_POP1;2014;9;8.72567467646479;42.4497;2.13;2655;95.9640185777186;-7.345365e-22;0.118277540124696;0
EYNE_POP1;2014;10;6.3155765872031;42.4497;2.13;2655;34.2988807960558;-7.345365e-22;0.322863112600124;0
EYNE_POP1;2014;11;1.28077317783226;42.4497;2.13;2655;202.020862611462;0.45247397;16.0282660777746;22.2222222222222
EYNE_POP1;2014;12;-2.88130800512764;42.4497;2.13;2655;48.363161948237;4.1015625;41.2915599907889;100
EYNE_POP1;2015;1;-3.12376798200485;42.4497;2.13;2655;52.4667731902357;4.904864;73.1362049062831;100
EYNE_POP1;2015;2;-6.79295314597613;42.4497;2.13;2655;43.494852020202;22.666714;166.873912313655;100
EYNE_POP1;2015;3;-1.48997020065945;42.4497;2.13;2655;63.0930577279203;7.765247;185.279180208991;100
EYNE_POP1;2015;4;1.82761976230808;42.4497;2.13;2655;64.1695331955082;0.078125;159.884393034167;100
EYNE_POP1;2015;5;6.2521081963939;42.4497;2.13;2655;56.7718829439079;0.04410282;102.732929139213;0
EYNE_POP1;2015;6;9.46576608297046;42.4497;2.13;2655;152.025887197062;-7.345365e-22;28.3886368393492;0
EYNE_POP1;2015;7;12.4871603072841;42.4497;2.13;2655;98.533243964369;-7.345365e-22;6.13804393795281;0
EYNE_POP1;2015;8;11.9721210342428;42.4497;2.13;2655;121.612979136604;-7.345365e-22;0.0033427671492187;0
EYNE_POP1;2015;9;6.51189308826474;42.4497;2.13;2655;88.7671083509083;-7.345365e-22;0.118277540124696;0
EYNE_POP1;2015;10;4.90538166238889;42.4497;2.13;2655;57.4651465247715;0.0031502016;0.319211329347534;0
EYNE_POP1;2015;11;1.67117738429465;42.4497;2.13;2655;86.6541471611722;2.9069011;15.2604934540881;20
EYNE_POP1;2015;12;0.522657800144281;42.4497;2.13;2655;16.742282034632;2.5579636;36.1698410916689;62.5
EYNE_POP1;2016;1;-2.53090836039125;42.4497;2.13;2655;24.4482458994709;2.3532007;71.1044299872023;55.5555555555556
EYNE_POP1;2016;2;-3.2461818704606;42.4497;2.13;2655;102.093006006031;2.8993804;113.20978349892;50
EYNE_POP1;2016;3;-3.08997967097236;42.4497;2.13;2655;38.2751664085914;4.8355594;175.179289137547;100
EYNE_POP1;2016;4;0.393649191715431;42.4497;2.13;2655;90.3855033364784;1.09375;174.309530357481;85.7142857142857
EYNE_POP1;2016;5;3.12651411382539;42.4497;2.13;2655;93.7262314574314;0.04410282;102.732929139213;14.2857142857143
EYNE_POP1;2016;6;8.44232502263672;42.4497;2.13;2655;100.896665944241;0.0032552083;27.9477267229947;0
EYNE_POP1;2016;7;12.1007943702562;42.4497;2.13;2655;58.8156203823954;-7.345365e-22;6.13804393795281;0
EYNE_POP1;2016;8;11.8845124636997;42.4497;2.13;2655;56.4264785954786;-7.345365e-22;0.0033427671492187;0
EYNE_POP1;2016;9;3.02720243413822;42.4497;2.13;2655;66.8533444014319;-7.345365e-22;0.118277540124696;0
EYNE_POP1;2016;10;2.32739402803204;42.4497;2.13;2655;80.7881157046657;-7.345365e-22;0.322863112600124;0
EYNE_POP1;2016;11;-1.63736802500405;42.4497;2.13;2655;92.8400123006624;1.09375;15.7815143632877;66.6666666666667
EYNE_POP1;2016;12;-2.43045118226249;42.4497;2.13;2655;23.9623080037346;0.46307963;38.1220143199364;90
EYNE_POP1;2017;1;-5.47850900267976;42.4497;2.13;2655;92.7502148083399;17.32926;97.0271089079967;100
EYNE_POP1;2017;2;-1.94556630784055;42.4497;2.13;2655;89.2524018278018;20.901926;152.823317363638;100
EYNE_POP1;2017;3;-0.396576975467734;42.4497;2.13;2655;134.245970600695;3.2258065;166.388014492688;100
EYNE_POP1;2017;4;0.485380437277576;42.4497;2.13;2655;90.056027939653;1.0123698;179.198273432385;60
EYNE_POP1;2017;5;5.83113188153192;42.4497;2.13;2655;94.6743164613165;0.16381048;110.201067703621;14.2857142857143
EYNE_POP1;2017;6;11.6106954729969;42.4497;2.13;2655;105.710873315573;-7.345365e-22;28.3886368393492;0
EYNE_POP1;2017;7;12.0023964677382;42.4497;2.13;2655;49.4981127048877;-7.345365e-22;6.13804393795281;0
EYNE_POP1;2017;8;12.0438919841136;42.4497;2.13;2655;51.355614964102;-7.345365e-22;0.0033427671492187;0
EYNE_POP1;2017;9;6.06325759651192;42.4497;2.13;2655;96.5851822196322;0.029296875;1.34727221302498;5.26315789473684
EYNE_POP1;2017;10;5.56888066121438;42.4497;2.13;2655;35.5706963265971;-7.345365e-22;0.322863112600124;0
EYNE_POP1;2017;11;-1.46239613848143;42.4497;2.13;2655;41.3945153492341;1.233724;14.9967775899777;37.5
EYNE_POP1;2017;12;-3.6045076570814;42.4497;2.13;2655;45.1763657129907;5.6483116;42.5772947619532;90
EYNE_POP1;2018;1;-3.05314756095647;42.4497;2.13;2655;77.4130613756614;11.2619705;101.917622643833;100
EYNE_POP1;2018;2;-7.15781198873579;42.4497;2.13;2655;97.0752242044992;36.44671;182.725629938431;100
EYNE_POP1;2018;3;-3.30380018112831;42.4497;2.13;2655;94.7858786250786;23.412298;212.913342889894;100
EYNE_POP1;2018;4;1.68629585977653;42.4497;2.13;2655;153.192091666667;3.9257812;212.853787170398;100
EYNE_POP1;2018;5;3.00078187437658;42.4497;2.13;2655;157.116227985903;0.8348034;173.176173469435;66.6666666666667
EYNE_POP1;2018;6;9.82191959906453;42.4497;2.13;2655;62.6584243931994;-7.345365e-22;28.3886368393492;0
EYNE_POP1;2018;7;12.0353605418333;42.4497;2.13;2655;119.940854166204;-7.345365e-22;6.13804393795281;0
EYNE_POP1;2018;8;11.9904113380808;42.4497;2.13;2655;99.155234075184;-7.345365e-22;0.0033427671492187;0
EYNE_POP1;2018;9;9.56547542145489;42.4497;2.13;2655;55.5602350917601;-7.345365e-22;0.118277540124696;0
EYNE_POP1;2018;10;3.72726243634996;42.4497;2.13;2655;277.719872491397;1.4868952;6.31772326670976;7.14285714285714
EYNE_POP1;2018;11;-0.171662988229288;42.4497;2.13;2655;114.180922739298;2.5683594;15.6346147861207;90
EYNE_POP1;2018;12;-0.0551526261965389;42.4497;2.13;2655;23.3670984543234;0.7119456;39.537764838544;75
EYNE_POP1;2019;1;-4.2316746938102;42.4497;2.13;2655;24.1097231959498;5.7428174;75.0651114056563;80
EYNE_POP1;2019;2;-0.139492060690591;42.4497;2.13;2655;13.5827092472342;9.319197;143.07133171707;94.4444444444444
EYNE_POP1;2019;3;-0.734742567147472;42.4497;2.13;2655;15.2389561638797;0.1890121;150.609457318992;28.5714285714286
EYNE_POP1;2019;4;-0.374702582451187;42.4497;2.13;2655;103.689253184778;1.2272135;174.700212789762;66.6666666666667
EYNE_POP1;2019;5;2.36740854110786;42.4497;2.13;2655;90.5449214405964;0.14805947;108.811495308616;7.69230769230769
EYNE_POP1;2019;6;10.5648504688264;42.4497;2.13;2655;56.8482374930625;0.022786459;51.4423900489412;5.26315789473684
EYNE_POP1;2019;7;12.1717773569719;42.4497;2.13;2655;120.305063690014;-7.345365e-22;6.13804393795281;0
EYNE_POP1;2019;8;12.3463189472286;42.4497;2.13;2655;36.2851054140304;-7.345365e-22;0.0033427671492187;0
EYNE_POP1;2019;9;8.49796708543691;42.4497;2.13;2655;46.7102334970585;0.009765625;0.509930040804001;4.76190476190476
EYNE_POP1;2019;10;5.47814530006826;42.4497;2.13;2655;120.266298112073;0.015751008;0.568962715170112;0
EYNE_POP1;2019;11;-1.90317785975888;42.4497;2.13;2655;92.8400123006624;2.7734375;15.27893678867;100
EYNE_POP1;2019;12;-0.826685077587947;42.4497;2.13;2655;122.876502092352;3.3549647;37.6125929418917;100
EYNE_POP1;2020;1;-3.10894393729796;42.4497;2.13;2655;211.020779674955;19.899824;97.7791533082148;81.8181818181818
EYNE_POP1;2020;2;0.113343265712891;42.4497;2.13;2655;4.39340685425686;13.055631;152.117774375004;100
EYNE_POP1;2020;3;-1.58894211457877;42.4497;2.13;2655;75.8679979797979;2.715474;142.543956253325;100
EYNE_POP1;2020;4;1.35101379857442;42.4497;2.13;2655;94.7330802049802;0.43945312;179.016408194552;80
EYNE_POP1;2020;5;6.53741351262213;42.4497;2.13;2655;96.4068475820475;0.028351815;100.452751267057;0
EYNE_POP1;2020;6;7.09006342189032;42.4497;2.13;2655;156.290725641025;0.048828125;45.4596057003379;0
EYNE_POP1;2020;7;11.9762152337864;42.4497;2.13;2655;109.575848733674;-7.345365e-22;6.13804393795281;0
EYNE_POP1;2020;8;11.9364509792616;42.4497;2.13;2655;128.977440938691;0.0031502016;0.0033427671492187;0
EYNE_POP1;2020;9;6.50890197483624;42.4497;2.13;2655;60.0605461741961;0.21809895;2.11059027215823;5.26315789473684
EYNE_POP1;2020;10;3.04924230951598;42.4497;2.13;2655;67.2529613035113;0.52608365;2.23598753950484;16.6666666666667
EYNE_POP1;2020;11;1.02695967880767;42.4497;2.13;2655;112.784012644763;0.61848956;15.7570930391106;18.75
EYNE_POP1;2020;12;-3.47359968204121;42.4497;2.13;2655;25.1794473822474;5.93813;43.7957141919128;100
EYNE_POP2;2000;1;-3.09104140323041;42.4457;2.1224;2215;16.7281976828727;2.4855092;49.7565820615472;NA
EYNE_POP2;2000;2;-0.457222940298717;42.4457;2.1224;2215;35.6346456950457;1.6130118;108.147477404278;33.3333333333333
EYNE_POP2;2000;3;-0.525021711526682;42.4457;2.1224;2215;59.5816301707552;1.6633065;133.24332224257;0
EYNE_POP2;2000;4;1.40530579361265;42.4457;2.1224;2215;83.5402714174714;1.2727865;133.88330475218;60
EYNE_POP2;2000;5;7.51675908557891;42.4457;2.1224;2215;97.3410014901765;0.0031502016;53.3687986562545;0
EYNE_POP2;2000;6;9.70984920961917;42.4457;2.1224;2215;116.804006210456;0.25390625;27.7818291427157;0
EYNE_POP2;2000;7;11.5013597171417;42.4457;2.1224;2215;51.5347835812336;-7.345365e-22;0.0052012698412698;0
EYNE_POP2;2000;8;12.2658732210489;42.4457;2.1224;2215;49.7415252756503;-7.345365e-22;6.34920634920635e-05;0
EYNE_POP2;2000;9;9.81110503095888;42.4457;2.1224;2215;83.6944807202459;-7.345365e-22;0.0791466346619332;0
EYNE_POP2;2000;10;4.86944729031854;42.4457;2.1224;2215;63.1434335516336;0.5733367;1.75719531288754;11.1111111111111
EYNE_POP2;2000;11;0.634731903571537;42.4457;2.1224;2215;48.6288800541045;0.73567706;10.5717975564717;8.33333333333333
EYNE_POP2;2000;12;-0.631155486481563;42.4457;2.1224;2215;98.8548962953713;2.4540071;27.4511422170453;57.1428571428571
EYNE_POP2;2001;1;-3.03081904529607;42.4457;2.1224;2215;75.4557653439153;8.974924;61.9676517551739;85.7142857142857
EYNE_POP2;2001;2;-3.209591278972;42.4457;2.1224;2215;30.2967212005051;7.4567523;101.612929491158;100
EYNE_POP2;2001;3;2.27654668803976;42.4457;2.1224;2215;83.6212608585858;0.812752;130.975243817625;0
EYNE_POP2;2001;4;0.869308229424369;42.4457;2.1224;2215;74.3812858068261;1.2565104;133.88330475218;10
EYNE_POP2;2001;5;5.71288576772933;42.4457;2.1224;2215;75.1594850131752;0.1795615;84.3885282472646;0
EYNE_POP2;2001;6;10.9187924406598;42.4457;2.1224;2215;41.7115441558442;-7.345365e-22;4.91398989972706;0
EYNE_POP2;2001;7;11.7331903567102;42.4457;2.1224;2215;97.2194801337551;0.009450605;0.450697413195071;0
EYNE_POP2;2001;8;12.8951209140068;42.4457;2.1224;2215;36.9153294881045;-7.345365e-22;6.34920634920635e-05;0
EYNE_POP2;2001;9;7.56291432836256;42.4457;2.1224;2215;38.4954218887438;-7.345365e-22;0.0791466346619332;0
EYNE_POP2;2001;10;7.35210734858335;42.4457;2.1224;2215;40.4509896945647;-7.345365e-22;0.151151945873358;0
EYNE_POP2;2001;11;-1.91809685087489;42.4457;2.1224;2215;94.5985345228846;19.182943;94.5463604371732;53.8461538461538
EYNE_POP2;2001;12;-1.50901787079022;42.4457;2.1224;2215;23.7124435592186;13.747479;78.699077117372;100
EYNE_POP2;2002;1;-2.92050663478605;42.4457;2.1224;2215;24.6495546222296;8.307081;60.5334802347389;42.8571428571429
EYNE_POP2;2002;2;-1.39714122648079;42.4457;2.1224;2215;35.5413320771821;4.4921875;96.7585422574353;81.8181818181818
EYNE_POP2;2002;3;0.146619114239751;42.4457;2.1224;2215;46.5072987688238;1.6066028;132.916657611189;100
EYNE_POP2;2002;4;1.54712967983441;42.4457;2.1224;2215;103.470414428164;3.9322917;137.130988368093;28.5714285714286
EYNE_POP2;2002;5;4.13923971929271;42.4457;2.1224;2215;156.286124146224;0.64579135;102.881991019608;0
EYNE_POP2;2002;6;10.9018468506971;42.4457;2.1224;2215;95.0599944906945;0.33203125;28.8776966041317;0
EYNE_POP2;2002;7;11.5157504237569;42.4457;2.1224;2215;98.2845666953418;-7.2791904e-22;0.0052012698412698;0
EYNE_POP2;2002;8;9.75268023982408;42.4457;2.1224;2215;155.456406193806;-7.2791904e-22;6.34920634920635e-05;0
EYNE_POP2;2002;9;7.73173639963008;42.4457;2.1224;2215;86.2808752109002;-7.2791904e-22;0.0791466346619332;0
EYNE_POP2;2002;10;5.6090396388431;42.4457;2.1224;2215;60.3168181494432;0.031502016;1.4517791883808;0
EYNE_POP2;2002;11;0.483893343479126;42.4457;2.1224;2215;88.962138930514;0.86588544;12.1590481753698;62.5
EYNE_POP2;2002;12;-0.667243651942144;42.4457;2.1224;2215;46.2186030307655;11.491936;65.8615078081349;100
EYNE_POP2;2003;1;-4.40503140411371;42.4457;2.1224;2215;71.9694650812151;9.926286;62.6222360825844;90.9090909090909
EYNE_POP2;2003;2;-5.45108121659438;42.4457;2.1224;2215;126.86904033004;38.752094;119.67678232605;100
EYNE_POP2;2003;3;0.010349001146879;42.4457;2.1224;2215;39.8421861305361;13.665575;139.340144682037;84.6153846153846
EYNE_POP2;2003;4;2.21853941159119;42.4457;2.1224;2215;44.2080101491102;1.2890625;134.189498020845;42.8571428571429
EYNE_POP2;2003;5;6.83756207536782;42.4457;2.1224;2215;95.5775484718985;0.25201613;92.3171756184396;0
EYNE_POP2;2003;6;13.1367688980515;42.4457;2.1224;2215;74.0644085941836;-7.2791904e-22;4.91398989972706;0
EYNE_POP2;2003;7;13.2789784754572;42.4457;2.1224;2215;55.604878037703;-7.2791904e-22;0.0052012698412698;0
EYNE_POP2;2003;8;14.8058091943396;42.4457;2.1224;2215;67.2960446877197;-7.3026714e-22;6.34920634920635e-05;0
EYNE_POP2;2003;9;8.44727116207981;42.4457;2.1224;2215;111.672567448292;-7.345365e-22;0.0791466346619332;0
EYNE_POP2;2003;10;3.83048053447705;42.4457;2.1224;2215;104.723356732157;0.24886593;1.97615612940631;0
EYNE_POP2;2003;11;2.26217963672417;42.4457;2.1224;2215;71.4144617262367;0.32226562;11.1868072457844;10
EYNE_POP2;2003;12;-1.18112708949244;42.4457;2.1224;2215;107.246286373811;31.473665;80.3144247368175;100
EYNE_POP2;2004;1;-3.35701866389172;42.4457;2.1224;2215;62.2913237604988;32.875504;65.6178043351316;91.6666666666667
EYNE_POP2;2004;2;-3.48038499862976;42.4457;2.1224;2215;53.4266503968254;22.740437;115.009485434517;100
EYNE_POP2;2004;3;-1.88739289552948;42.4457;2.1224;2215;78.6452384559884;13.460812;139.477510714843;72.7272727272727
EYNE_POP2;2004;4;0.4171358568506;42.4457;2.1224;2215;142.632342101417;2.9069011;121.183666195477;100
EYNE_POP2;2004;5;3.70602872841174;42.4457;2.1224;2215;94.9574079605579;0.36542338;97.5211671065239;20
EYNE_POP2;2004;6;10.9221282940516;42.4457;2.1224;2215;63.6410841297591;-7.2791904e-22;4.91398989972706;0
EYNE_POP2;2004;7;11.866470787697;42.4457;2.1224;2215;56.8421361952862;-7.306941e-22;0.0052012698412698;0
EYNE_POP2;2004;8;12.7268909313547;42.4457;2.1224;2215;59.1187139212639;-7.345365e-22;6.34920634920635e-05;0
EYNE_POP2;2004;9;10.0670620988871;42.4457;2.1224;2215;46.3314678284678;-7.345365e-22;0.0791466346619332;0
EYNE_POP2;2004;10;6.12695642391488;42.4457;2.1224;2215;47.1307656463906;0.27091733;2.3495641810769;0
EYNE_POP2;2004;11;-0.00101736842221894;42.4457;2.1224;2215;43.1234249241499;2.3600261;16.8297649736045;31.25
EYNE_POP2;2004;12;-2.1389247190302;42.4457;2.1224;2215;103.696066215266;3.515625;33.8428013600969;100
EYNE_POP2;2005;1;-3.57090956317657;42.4457;2.1224;2215;59.8761648869649;6.309854;52.6687177765172;100
EYNE_POP2;2005;2;-7.04459265396478;42.4457;2.1224;2215;68.5404779609279;33.234516;119.641896268447;100
EYNE_POP2;2005;3;-1.54874699926581;42.4457;2.1224;2215;39.5286493349243;21.71749;140.778343011687;100
EYNE_POP2;2005;4;1.71503255216164;42.4457;2.1224;2215;42.5779862507862;1.328125;134.374319359354;25
EYNE_POP2;2005;5;6.93321728888416;42.4457;2.1224;2215;97.1075104497354;0.22051412;90.5245089549474;9.09090909090909
EYNE_POP2;2005;6;11.75620175968;42.4457;2.1224;2215;101.807190901691;-7.345365e-22;4.91398989972706;0
EYNE_POP2;2005;7;12.2841805899077;42.4457;2.1224;2215;76.907285046435;-7.345365e-22;0.0052012698412698;0
EYNE_POP2;2005;8;11.1120732311217;42.4457;2.1224;2215;57.5806996373996;-7.345365e-22;6.34920634920635e-05;0
EYNE_POP2;2005;9;8.40216656962336;42.4457;2.1224;2215;84.4831487216889;-7.345365e-22;0.0791466346619332;0
EYNE_POP2;2005;10;6.0731828475837;42.4457;2.1224;2215;93.5995568228069;0.02205141;1.62920727153199;0
EYNE_POP2;2005;11;-0.561306485136056;42.4457;2.1224;2215;68.8377775613275;2.9947917;17.4966366610114;69.2307692307692
EYNE_POP2;2005;12;-2.14138217331544;42.4457;2.1224;2215;23.2180570882821;8.026713;51.9931782935233;100
EYNE_POP2;2006;1;-3.38464270536041;42.4457;2.1224;2215;131.49146549839;13.4765625;64.5042750399112;83.3333333333333
EYNE_POP2;2006;2;-3.82772353656895;42.4457;2.1224;2215;15.7528456780692;36.15025;120.379422367348;100
EYNE_POP2;2006;3;-0.444994847904367;42.4457;2.1224;2215;81.8542673160173;20.400705;139.730442482989;100
EYNE_POP2;2006;4;2.78949320547958;42.4457;2.1224;2215;37.7777265453909;0.035807293;105.289012259944;28.5714285714286
EYNE_POP2;2006;5;8.04278495239431;42.4457;2.1224;2215;30.0278347787713;0.009450605;53.3484267058614;0
EYNE_POP2;2006;6;11.2870197721345;42.4457;2.1224;2215;51.197439886965;-7.345365e-22;4.91398989972706;0
EYNE_POP2;2006;7;13.6837030672692;42.4457;2.1224;2215;60.9822914076664;-7.345365e-22;0.0052012698412698;0
EYNE_POP2;2006;8;10.2290890094302;42.4457;2.1224;2215;77.042417929293;-7.345365e-22;6.34920634920635e-05;0
EYNE_POP2;2006;9;9.84361061459435;42.4457;2.1224;2215;91.5392016594516;-7.345365e-22;0.0791466346619332;0
EYNE_POP2;2006;10;7.59001186784567;42.4457;2.1224;2215;42.6293231758981;0.01890121;1.10316141634205;0
EYNE_POP2;2006;11;3.31060700786186;42.4457;2.1224;2215;21.7747953962704;0.07486979;8.60120991958843;0
EYNE_POP2;2006;12;-1.60416005667701;42.4457;2.1224;2215;23.4406433862434;1.001764;34.6106807330282;23.0769230769231
EYNE_POP2;2007;1;-0.10304282179761;42.4457;2.1224;2215;14.5445894420394;0.73714715;55.8200053026604;10
EYNE_POP2;2007;2;-0.666571116769443;42.4457;2.1224;2215;37.33161498964;1.4753069;109.569277245739;22.2222222222222
EYNE_POP2;2007;3;-1.66736708802283;42.4457;2.1224;2215;40.937270004995;3.7896926;142.693453099801;11.1111111111111
EYNE_POP2;2007;4;2.90970386132924;42.4457;2.1224;2215;112.13055036075;1.2597656;133.88330475218;16.6666666666667
EYNE_POP2;2007;5;6.35277062555237;42.4457;2.1224;2215;95.9164950327451;0.27091733;93.3990157325008;6.66666666666667
EYNE_POP2;2007;6;10.1099696531658;42.4457;2.1224;2215;52.8635251082251;0.0032552083;5.38774202201461;0
EYNE_POP2;2007;7;12.0016880936051;42.4457;2.1224;2215;30.3594056728772;-7.345365e-22;0.0052012698412698;0
EYNE_POP2;2007;8;11.4443392824002;42.4457;2.1224;2215;95.662703967329;-7.345365e-22;6.34920634920635e-05;0
EYNE_POP2;2007;9;8.32073718607798;42.4457;2.1224;2215;46.6247516714767;0.084635414;0.779565055256113;0
EYNE_POP2;2007;10;5.01653464552732;42.4457;2.1224;2215;55.0913353655604;0.07560484;0.829022405626375;5.55555555555556
EYNE_POP2;2007;11;0.781719191906304;42.4457;2.1224;2215;24.0600206608207;0.42643228;10.5598809941013;0
EYNE_POP2;2007;12;-0.868089493240561;42.4457;2.1224;2215;45.4798420107671;2.1452873;27.2527856970251;12.5
EYNE_POP2;2008;1;-0.540707547100727;42.4457;2.1224;2215;37.6822851370851;2.7816281;49.7169665570998;30.7692307692308
EYNE_POP2;2008;2;-0.500595277288873;42.4457;2.1224;2215;30.1290973909813;0.90247846;114.125437412088;12.5
EYNE_POP2;2008;3;-1.5864347080043;42.4457;2.1224;2215;75.5792943602693;4.044859;142.584369140781;16.6666666666667
EYNE_POP2;2008;4;1.56682715855324;42.4457;2.1224;2215;72.7510974710877;1.2402344;134.679813522948;37.5
EYNE_POP2;2008;5;5.5428953316941;42.4457;2.1224;2215;165.094073729049;0.07245464;75.1552674274304;0
EYNE_POP2;2008;6;9.30510333956888;42.4457;2.1224;2215;100.649788895364;-7.345365e-22;4.91398989972706;0
EYNE_POP2;2008;7;11.8580676192873;42.4457;2.1224;2215;76.5534598901099;-7.345365e-22;0.0052012698412698;0
EYNE_POP2;2008;8;11.9585584513719;42.4457;2.1224;2215;61.1789853683353;-7.345365e-22;6.34920634920635e-05;0
EYNE_POP2;2008;9;8.03124186033984;42.4457;2.1224;2215;47.2706093314094;0.01953125;1.59948463878648;0
EYNE_POP2;2008;10;5.04969602411626;42.4457;2.1224;2215;87.8022946063196;1.7389113;8.0214957791129;0
EYNE_POP2;2008;11;-0.971627048382216;42.4457;2.1224;2215;87.3090203046953;3.2682292;18.0194259660443;66.6666666666667
EYNE_POP2;2008;12;-0.941861868289191;42.4457;2.1224;2215;76.5408492424242;23.59501;84.9968674243851;100
EYNE_POP2;2009;1;-4.42048218962559;42.4457;2.1224;2215;58.7272526094276;60.524822;69.8035778906292;100
EYNE_POP2;2009;2;-3.53483506394208;42.4457;2.1224;2215;45.5914875060125;67.36537;119.040015471201;100
EYNE_POP2;2009;3;-0.810541003959433;42.4457;2.1224;2215;43.545393951419;30.619959;142.90450027335;92.8571428571429
EYNE_POP2;2009;4;0.0901526486874237;42.4457;2.1224;2215;111.972351779702;4.2252603;135.96242590846;100
EYNE_POP2;2009;5;8.17976010177171;42.4457;2.1224;2215;48.7785708106709;0.05670363;71.9383389217767;11.1111111111111
EYNE_POP2;2009;6;9.94690215489924;42.4457;2.1224;2215;101.638048207348;-7.345365e-22;4.91398989972706;0
EYNE_POP2;2009;7;12.7816364702254;42.4457;2.1224;2215;61.7265876345876;-7.345365e-22;0.0052012698412698;0
EYNE_POP2;2009;8;13.2482309598662;42.4457;2.1224;2215;81.2429193750694;-7.345365e-22;6.34920634920635e-05;0
EYNE_POP2;2009;9;8.41616559533437;42.4457;2.1224;2215;85.217207035557;0.0032552083;0.209295583807637;0
EYNE_POP2;2009;10;5.67026579907286;42.4457;2.1224;2215;55.4272195526695;0.03465222;1.41189980780774;0
EYNE_POP2;2009;11;2.48639302472546;42.4457;2.1224;2215;58.2221892648012;1.155599;14.4432618642991;0
EYNE_POP2;2009;12;-1.90125576503582;42.4457;2.1224;2215;67.0053378908128;4.5268397;34.7741569583705;16.6666666666667
EYNE_POP2;2010;1;-4.34264012396258;42.4457;2.1224;2215;53.1934696733822;24.936996;64.8227117792354;100
EYNE_POP2;2010;2;-4.33215659308163;42.4457;2.1224;2215;38.5455785372036;40.13672;119.037615182621;100
EYNE_POP2;2010;3;-2.38343554414567;42.4457;2.1224;2215;93.9155308497059;39.446823;142.363837160008;84.6153846153846
EYNE_POP2;2010;4;2.3211973508518;42.4457;2.1224;2215;39.0554184022405;1.1523438;134.035389031597;0
EYNE_POP2;2010;5;3.51480363868985;42.4457;2.1224;2215;139.960061248936;3.295111;115.953211293842;50
EYNE_POP2;2010;6;8.35285628754032;42.4457;2.1224;2215;145.0123998076;0.01953125;37.8342945512423;0
EYNE_POP2;2010;7;13.2463687203168;42.4457;2.1224;2215;90.0247057359308;-7.345365e-22;0.0052012698412698;0
EYNE_POP2;2010;8;11.8419797949969;42.4457;2.1224;2215;78.1272478021978;-7.345365e-22;6.34920634920635e-05;0
EYNE_POP2;2010;9;8.3932291901795;42.4457;2.1224;2215;83.7431852296254;-7.345365e-22;0.0791466346619332;0
EYNE_POP2;2010;10;5.08554610248203;42.4457;2.1224;2215;124.565724531025;0.17011088;0.754344845624009;0
EYNE_POP2;2010;11;-0.183667374530456;42.4457;2.1224;2215;39.7021104034854;1.8261719;14.5341156868334;35.7142857142857
EYNE_POP2;2010;12;-0.822263617302257;42.4457;2.1224;2215;35.4845462324712;3.3329134;31.3143293955436;54.5454545454545
EYNE_POP2;2011;1;-3.07198233835594;42.4457;2.1224;2215;34.6923226874977;2.4004536;49.8930723084522;21.4285714285714
EYNE_POP2;2011;2;-1.47541191938396;42.4457;2.1224;2215;38.3525374964768;5.6152344;95.8315400980447;46.1538461538462
EYNE_POP2;2011;3;-1.17934724491255;42.4457;2.1224;2215;102.230996781922;2.8887348;125.316571764226;100
EYNE_POP2;2011;4;4.56679294760812;42.4457;2.1224;2215;37.1541809843951;0.013020833;103.565021519203;8.33333333333333
EYNE_POP2;2011;5;7.13322451790868;42.4457;2.1224;2215;92.9686124819625;0.0031502016;53.3687986562545;0
EYNE_POP2;2011;6;9.1379051896041;42.4457;2.1224;2215;114.856493252118;0.029296875;39.7927090496201;0
EYNE_POP2;2011;7;10.8238564886035;42.4457;2.1224;2215;101.374283694084;-7.345365e-22;0.0052012698412698;0
EYNE_POP2;2011;8;12.7294958886853;42.4457;2.1224;2215;60.9630132959633;-7.345365e-22;6.34920634920635e-05;0
EYNE_POP2;2011;9;10.2550824570911;42.4457;2.1224;2215;58.1656326025826;-7.345365e-22;0.0791466346619332;0
EYNE_POP2;2011;10;5.54029556077702;42.4457;2.1224;2215;46.5743635401635;0.025201613;1.41634140542567;0
EYNE_POP2;2011;11;2.93694446727091;42.4457;2.1224;2215;132.498655032005;0.22135417;10.6266445259162;60
EYNE_POP2;2011;12;-0.343717883450839;42.4457;2.1224;2215;45.4788643421394;1.0836693;39.9347112459386;27.2727272727273
EYNE_POP2;2012;1;-2.90159425370927;42.4457;2.1224;2215;20.6457451693187;1.1939265;56.5283878030157;16.6666666666667
EYNE_POP2;2012;2;-7.01221555945965;42.4457;2.1224;2215;25.6387718411218;5.6202855;95.8315400980447;46.1538461538462
EYNE_POP2;2012;3;-0.119227876633665;42.4457;2.1224;2215;72.706309006734;1.6696068;133.24332224257;28.5714285714286
EYNE_POP2;2012;4;0.284564347831062;42.4457;2.1224;2215;92.9572987355237;1.8326823;131.343111023465;0
EYNE_POP2;2012;5;6.72279395705531;42.4457;2.1224;2215;77.1669431753432;0.16066028;76.0300652670942;0
EYNE_POP2;2012;6;11.8762918979;42.4457;2.1224;2215;37.6662149378399;-7.345365e-22;4.91398989972706;0
EYNE_POP2;2012;7;11.9103015744757;42.4457;2.1224;2215;12.881879954305;-7.345365e-22;0.0052012698412698;0
EYNE_POP2;2012;8;14.7942766686149;42.4457;2.1224;2215;56.1776667221667;-7.345365e-22;6.34920634920635e-05;0
EYNE_POP2;2012;9;9.27286552061018;42.4457;2.1224;2215;86.2514683325933;0.0065104165;0.488748790013914;0
EYNE_POP2;2012;10;5.97734769743942;42.4457;2.1224;2215;90.317028967329;0.33707157;1.95140820709349;5.55555555555556
EYNE_POP2;2012;11;1.53941546273923;42.4457;2.1224;2215;39.1595224863099;1.266276;15.7935170852853;25
EYNE_POP2;2012;12;-1.25096403241495;42.4457;2.1224;2215;23.0444523152773;4.4890375;34.7741569583705;80
EYNE_POP2;2013;1;-3.19861938251418;42.4457;2.1224;2215;77.4149849206349;9.932586;62.6222360825844;42.8571428571429
EYNE_POP2;2013;2;-5.32005706633152;42.4457;2.1224;2215;68.010878033078;23.430525;118.079825213021;100
EYNE_POP2;2013;3;-1.63997265203081;42.4457;2.1224;2215;86.621707034632;21.966356;140.976736673453;100
EYNE_POP2;2013;4;1.34299248231878;42.4457;2.1224;2215;93.4465286657786;3.0533855;128.41266109435;50
EYNE_POP2;2013;5;2.21784541858607;42.4457;2.1224;2215;95.0596515133015;0.670993;102.881991019608;14.2857142857143
EYNE_POP2;2013;6;8.46401159440093;42.4457;2.1224;2215;63.7774157990158;0.042317707;39.7349881848733;0
EYNE_POP2;2013;7;12.2958063253133;42.4457;2.1224;2215;153.997562974988;-7.345365e-22;0.0052012698412698;0
EYNE_POP2;2013;8;12.0116294014383;42.4457;2.1224;2215;57.1119663012913;-7.345365e-22;6.34920634920635e-05;0
EYNE_POP2;2013;9;9.76566072201309;42.4457;2.1224;2215;58.2722594784845;-7.345365e-22;0.0791466346619332;0
EYNE_POP2;2013;10;7.1864052215669;42.4457;2.1224;2215;31.2391735877058;0.11970766;0.74828607835741;0
EYNE_POP2;2013;11;-0.498738299051437;42.4457;2.1224;2215;187.051361618012;12.216797;54.3200799446588;66.6666666666667
EYNE_POP2;2013;12;-1.26189921802071;42.4457;2.1224;2215;22.5710761608762;23.147682;98.9836379313924;100
EYNE_POP2;2014;1;-1.09006013623885;42.4457;2.1224;2215;76.1055433862434;10.401966;66.8864166164073;100
EYNE_POP2;2014;2;-1.87485337385401;42.4457;2.1224;2215;68.8666067367817;12.65346;111.438892896458;100
EYNE_POP2;2014;3;-0.790096056150622;42.4457;2.1224;2215;37.1192974506974;3.496724;141.844341733544;93.75
EYNE_POP2;2014;4;3.31504660649975;42.4457;2.1224;2215;87.2058061188812;0.28320312;119.050803760792;50
EYNE_POP2;2014;5;4.57583219293321;42.4457;2.1224;2215;64.122372031672;0.11655746;80.7456777860338;9.09090909090909
EYNE_POP2;2014;6;9.7696023611265;42.4457;2.1224;2215;102.336613647464;-7.345365e-22;4.91398989972706;0
EYNE_POP2;2014;7;11.3540132894276;42.4457;2.1224;2215;109.329207178932;-7.345365e-22;0.0052012698412698;0
EYNE_POP2;2014;8;11.7714928560557;42.4457;2.1224;2215;120.54591456229;-7.345365e-22;6.34920634920635e-05;0
EYNE_POP2;2014;9;9.76088914561904;42.4457;2.1224;2215;97.1732723896474;-7.345365e-22;0.0791466346619332;0
EYNE_POP2;2014;10;7.90581127595584;42.4457;2.1224;2215;34.0350452621453;-7.345365e-22;0.151151945873358;0
EYNE_POP2;2014;11;2.41630819747274;42.4457;2.1224;2215;188.910536974137;0.45247397;10.57843704676;0
EYNE_POP2;2014;12;-1.84156148488996;42.4457;2.1224;2215;45.1950025927776;4.1015625;34.9733864149053;61.5384615384615
EYNE_POP2;2015;1;-3.17580920107704;42.4457;2.1224;2215;52.184388534151;4.904864;51.5791949629687;41.6666666666667
EYNE_POP2;2015;2;-5.05962736580767;42.4457;2.1224;2215;42.9098565175565;22.666714;114.861297001553;100
EYNE_POP2;2015;3;-0.37779265943635;42.4457;2.1224;2215;59.4819992063492;7.765247;136.218270774862;100
EYNE_POP2;2015;4;3.05372618265654;42.4457;2.1224;2215;55.8993540838791;0.078125;109.045888473074;14.2857142857143
EYNE_POP2;2015;5;8.02012774793217;42.4457;2.1224;2215;55.152540014615;0.04410282;60.221506744439;0
EYNE_POP2;2015;6;10.6646559795168;42.4457;2.1224;2215;153.52096029711;-7.345365e-22;4.91398989972706;0
EYNE_POP2;2015;7;15.0461967614657;42.4457;2.1224;2215;99.6668408915159;-7.345365e-22;0.0052012698412698;0
EYNE_POP2;2015;8;12.4398324992406;42.4457;2.1224;2215;103.655096256521;-7.345365e-22;6.34920634920635e-05;0
EYNE_POP2;2015;9;7.9286657629208;42.4457;2.1224;2215;83.0664354581006;-7.345365e-22;0.0791466346619332;0
EYNE_POP2;2015;10;5.55214050812873;42.4457;2.1224;2215;52.9250721731972;0.0031502016;0.150523862468423;0
EYNE_POP2;2015;11;2.7158088510564;42.4457;2.1224;2215;89.1736407768158;2.9069011;17.130350528409;19.047619047619
EYNE_POP2;2015;12;0.401943005119985;42.4457;2.1224;2215;17.1608923881674;2.5579636;29.2268006791034;9.09090909090909
EYNE_POP2;2016;1;-0.442441069810691;42.4457;2.1224;2215;22.8254494829245;2.3532007;49.8930723084522;25
EYNE_POP2;2016;2;-1.65496643921955;42.4457;2.1224;2215;93.7019016770267;2.8993804;94.4697904204693;30
EYNE_POP2;2016;3;-1.59794886932503;42.4457;2.1224;2215;32.6608544739438;4.8355594;134.9565047757;81.8181818181818
EYNE_POP2;2016;4;1.87043641264313;42.4457;2.1224;2215;87.0648151875902;1.09375;134.130913729127;28.5714285714286
EYNE_POP2;2016;5;4.69825751521386;42.4457;2.1224;2215;93.4661076118326;0.04410282;60.221506744439;0
EYNE_POP2;2016;6;9.48536317833299;42.4457;2.1224;2215;104.719138924039;0.0032552083;5.38774202201461;0
EYNE_POP2;2016;7;12.3359167420234;42.4457;2.1224;2215;57.5187684824435;-7.345365e-22;0.0052012698412698;0
EYNE_POP2;2016;8;12.1172354264165;42.4457;2.1224;2215;55.9926777296777;-7.345365e-22;6.34920634920635e-05;0
EYNE_POP2;2016;9;5.69530032421674;42.4457;2.1224;2215;56.7699038110038;-7.345365e-22;0.0791466346619332;0
EYNE_POP2;2016;10;2.84953375610886;42.4457;2.1224;2215;75.9800197321197;-7.345365e-22;0.151151945873358;0
EYNE_POP2;2016;11;-1.31436801975331;42.4457;2.1224;2215;94.6675527768528;1.09375;12.6450752395482;41.6666666666667
EYNE_POP2;2016;12;-1.90784302577202;42.4457;2.1224;2215;23.2180570882821;0.46307963;31.4071120896859;58.3333333333333
EYNE_POP2;2017;1;-3.47720033590404;42.4457;2.1224;2215;92.2448379019128;17.32926;61.9792441284143;66.6666666666667
EYNE_POP2;2017;2;-1.02825606251421;42.4457;2.1224;2215;88.896179027454;20.901926;111.209853168872;100
EYNE_POP2;2017;3;1.01394940766901;42.4457;2.1224;2215;117.095818644319;3.2258065;134.557524823743;100
EYNE_POP2;2017;4;2.12729624905846;42.4457;2.1224;2215;87.2134953463203;1.0123698;135.030546134681;23.0769230769231
EYNE_POP2;2017;5;7.14703861034754;42.4457;2.1224;2215;95.7263622044622;0.16381048;76.1064076400322;7.69230769230769
EYNE_POP2;2017;6;12.0746111563092;42.4457;2.1224;2215;101.491566196766;-7.345365e-22;4.91398989972706;0
EYNE_POP2;2017;7;13.5484376347131;42.4457;2.1224;2215;49.2192736524587;-7.345365e-22;0.0052012698412698;0
EYNE_POP2;2017;8;13.6333981149673;42.4457;2.1224;2215;51.6157538480039;-7.345365e-22;6.34920634920635e-05;0
EYNE_POP2;2017;9;7.13739168341981;42.4457;2.1224;2215;94.9919663419913;0.029296875;1.40305436113352;0
EYNE_POP2;2017;10;6.8524282335791;42.4457;2.1224;2215;37.522512106859;-7.345365e-22;0.151151945873358;0
EYNE_POP2;2017;11;0.042134928489434;42.4457;2.1224;2215;43.0320915908166;1.233724;14.6388083449603;0
EYNE_POP2;2017;12;-2.13368946720555;42.4457;2.1224;2215;44.149640051615;5.6483116;36.1813654310372;75
EYNE_POP2;2018;1;-1.75213984238605;42.4457;2.1224;2215;76.18156005291;11.2619705;65.4904754761104;94.1176470588235
EYNE_POP2;2018;2;-6.58661541656208;42.4457;2.1224;2215;101.538643043068;36.44671;120.379422367348;100
EYNE_POP2;2018;3;-1.96725621139904;42.4457;2.1224;2215;90.659798935324;23.412298;145.273930288856;100
EYNE_POP2;2018;4;3.06770909565446;42.4457;2.1224;2215;148.646184968735;3.9257812;137.130988368093;88.8888888888889
EYNE_POP2;2018;5;4.53771938158339;42.4457;2.1224;2215;156.376187341362;0.8348034;112.910201777485;25
EYNE_POP2;2018;6;10.7783169210295;42.4457;2.1224;2215;64.16426504144;-7.345365e-22;4.91398989972706;0
EYNE_POP2;2018;7;12.8703159739554;42.4457;2.1224;2215;120.671282948533;-7.345365e-22;0.0052012698412698;0
EYNE_POP2;2018;8;12.2707522786274;42.4457;2.1224;2215;100.437755663781;-7.345365e-22;6.34920634920635e-05;0
EYNE_POP2;2018;9;10.2560509979225;42.4457;2.1224;2215;58.8717175472676;-7.345365e-22;0.0791466346619332;0
EYNE_POP2;2018;10;5.22813445671527;42.4457;2.1224;2215;260.798561274836;1.4868952;8.46647620150178;7.14285714285714
EYNE_POP2;2018;11;1.11707021591336;42.4457;2.1224;2215;100.586114087764;2.5683594;17.659966136796;66.6666666666667
EYNE_POP2;2018;12;0.242027710770415;42.4457;2.1224;2215;22.2201623071373;0.7119456;33.0980843613338;7.14285714285714
EYNE_POP2;2019;1;-3.16835979112807;42.4457;2.1224;2215;24.1732729313995;5.7428174;51.5119322432004;25
EYNE_POP2;2019;2;-0.231044335791015;42.4457;2.1224;2215;13.9967788239538;9.319197;105.813525880187;73.3333333333333
EYNE_POP2;2019;3;0.103030987571074;42.4457;2.1224;2215;14.3105986121722;0.1890121;114.543918426421;0
EYNE_POP2;2019;4;0.675296978104318;42.4457;2.1224;2215;103.185186782662;1.2272135;134.679813522948;40
EYNE_POP2;2019;5;3.81856672369634;42.4457;2.1224;2215;91.5639498556998;0.14805947;75.5323717623422;0
EYNE_POP2;2019;6;11.4783760796193;42.4457;2.1224;2215;57.9103447672697;0.022786459;40.2335635875986;0
EYNE_POP2;2019;7;13.6812633455479;42.4457;2.1224;2215;109.328108491508;-7.345365e-22;0.0052012698412698;0
EYNE_POP2;2019;8;13.2566559099813;42.4457;2.1224;2215;36.9622699642949;-7.345365e-22;6.34920634920635e-05;0
EYNE_POP2;2019;9;10.1257791621349;42.4457;2.1224;2215;43.5209196238946;0.009765625;0.554787682840065;0
EYNE_POP2;2019;10;6.41091365954933;42.4457;2.1224;2215;119.29487974988;0.015751008;0.560190403233332;0
EYNE_POP2;2019;11;-1.1421286683535;42.4457;2.1224;2215;92.1094753598254;2.7734375;17.2359143384282;55.5555555555556
EYNE_POP2;2019;12;-0.345394148653969;42.4457;2.1224;2215;112.12196991342;3.3549647;31.3143293955436;92.3076923076923
EYNE_POP2;2020;1;-3.09228929886863;42.4457;2.1224;2215;207.544824780775;19.899824;62.763275251554;63.6363636363636
EYNE_POP2;2020;2;-0.0200892553002161;42.4457;2.1224;2215;4.36642391774892;13.055631;111.438892896458;100
EYNE_POP2;2020;3;-0.633413445902258;42.4457;2.1224;2215;76.5620474025975;2.715474;126.415807869527;100
EYNE_POP2;2020;4;2.59826972399464;42.4457;2.1224;2215;89.4938146566397;0.43945312;137.859593605105;0
EYNE_POP2;2020;5;8.13654383079889;42.4457;2.1224;2215;97.0819611823361;0.028351815;56.8950536643465;0
EYNE_POP2;2020;6;8.34836473207269;42.4457;2.1224;2215;153.34564490787;0.048828125;34.3436744773385;0
EYNE_POP2;2020;7;12.3847409500619;42.4457;2.1224;2215;102.981137622563;-7.345365e-22;0.0052012698412698;0
EYNE_POP2;2020;8;12.3660690546544;42.4457;2.1224;2215;129.080115626041;0.0031502016;0.0014219150025601;0
EYNE_POP2;2020;9;8.13085320540516;42.4457;2.1224;2215;62.6353750869501;0.21809895;1.77009491296914;0
EYNE_POP2;2020;10;3.46298357662829;42.4457;2.1224;2215;56.7801524531024;0.52608365;1.75719531288754;0
EYNE_POP2;2020;11;2.02495587697675;42.4457;2.1224;2215;105.819571186221;0.61848956;10.3308099406293;13.3333333333333
EYNE_POP2;2020;12;-0.758632694025846;42.4457;2.1224;2215;27.3902998843749;5.93813;37.3871130560963;87.5
EYNE_POP3;2000;1;-3.89395587975496;42.4431;2.1155;2078;16.6838357781108;2.4855092;49.6253273110398;NA
EYNE_POP3;2000;2;-0.282281251380439;42.4431;2.1155;2078;28.960707809296;1.6130118;107.37915372902;0
EYNE_POP3;2000;3;-0.597058407219962;42.4431;2.1155;2078;59.3995912698413;1.6633065;132.733214256359;22.2222222222222
EYNE_POP3;2000;4;1.82244304233524;42.4431;2.1155;2078;73.9559145355047;1.2727865;132.993861962882;100
EYNE_POP3;2000;5;6.71005760997073;42.4431;2.1155;2078;98.0482285233285;0.0031502016;53.400433179906;0
EYNE_POP3;2000;6;8.91326844022117;42.4431;2.1155;2078;112.04312999593;0.25390625;28.7660925593864;0
EYNE_POP3;2000;7;9.79228079726506;42.4431;2.1155;2078;52.6424908304658;-7.345365e-22;0.010570582010582;0
EYNE_POP3;2000;8;12.2543050901215;42.4431;2.1155;2078;50.9932098642099;-7.345365e-22;6.34920634920635e-05;0
EYNE_POP3;2000;9;8.20658913454127;42.4431;2.1155;2078;85.236234772675;-7.345365e-22;0.0763399711604083;0
EYNE_POP3;2000;10;4.77776805479652;42.4431;2.1155;2078;60.6697894457395;0.5733367;1.89574475292841;11.1111111111111
EYNE_POP3;2000;11;0.101032821681241;42.4431;2.1155;2078;47.9147462638207;0.73567706;11.0270799956219;8.33333333333333
EYNE_POP3;2000;12;-0.421962840261355;42.4431;2.1155;2078;97.4214619759869;2.4540071;27.9659201918977;42.8571428571429
EYNE_POP3;2001;1;-1.77705081172628;42.4431;2.1155;2078;76.8871264550265;8.974924;62.2117484242407;85.7142857142857
EYNE_POP3;2001;2;-2.62946414241745;42.4431;2.1155;2078;29.5086323134662;7.4567523;100.191486158846;91.6666666666667
EYNE_POP3;2001;3;2.67857518264688;42.4431;2.1155;2078;85.0423698773449;0.812752;130.753199440033;25
EYNE_POP3;2001;4;1.62205350402931;42.4431;2.1155;2078;72.5671088985089;1.2565104;132.993861962882;9.09090909090909
EYNE_POP3;2001;5;5.40077557460299;42.4431;2.1155;2078;76.9419071641723;0.1795615;84.3201702109733;0
EYNE_POP3;2001;6;9.25447911336756;42.4431;2.1155;2078;36.6358815323565;-7.345365e-22;5.8299742801845;0
EYNE_POP3;2001;7;10.9152497501914;42.4431;2.1155;2078;97.55061500629;0.009450605;0.497321292471609;0
EYNE_POP3;2001;8;12.5142201580672;42.4431;2.1155;2078;37.9993226699227;-7.345365e-22;6.34920634920635e-05;0
EYNE_POP3;2001;9;7.08552545252391;42.4431;2.1155;2078;37.4581316018085;-7.345365e-22;0.0763399711604083;0
EYNE_POP3;2001;10;7.04025589710562;42.4431;2.1155;2078;40.4334766859067;-7.345365e-22;0.200698525549558;0
EYNE_POP3;2001;11;-1.52224068767542;42.4431;2.1155;2078;93.6593821178821;19.182943;94.536889767746;53.3333333333333
EYNE_POP3;2001;12;-1.7456888095005;42.4431;2.1155;2078;23.2995458920709;13.747479;78.6989527085207;72.2222222222222
EYNE_POP3;2002;1;-1.78309812870567;42.4431;2.1155;2078;22.491409953935;8.307081;60.7775769038057;41.1764705882353
EYNE_POP3;2002;2;-1.08131365337397;42.4431;2.1155;2078;36.917476930477;4.4921875;95.8977362388179;69.2307692307692
EYNE_POP3;2002;3;0.650293890187869;42.4431;2.1155;2078;41.7231713878714;1.6066028;132.597855792374;100
EYNE_POP3;2002;4;1.85099561174333;42.4431;2.1155;2078;99.8091253431753;3.9322917;135.104227572841;28.5714285714286
EYNE_POP3;2002;5;3.76665310985206;42.4431;2.1155;2078;146.683181180856;0.64579135;102.246682368051;0
EYNE_POP3;2002;6;9.32637636829553;42.4431;2.1155;2078;103.082986482036;0.33203125;29.8619600208023;0
EYNE_POP3;2002;7;10.7895035239017;42.4431;2.1155;2078;100.74024538702;-7.2791904e-22;0.010570582010582;0
EYNE_POP3;2002;8;8.74311525854808;42.4431;2.1155;2078;136.443583333333;-7.2791904e-22;6.34920634920635e-05;0
EYNE_POP3;2002;9;6.99051540817217;42.4431;2.1155;2078;87.8835107864357;-7.2791904e-22;0.0763399711604083;0
EYNE_POP3;2002;10;5.31532025870264;42.4431;2.1155;2078;55.1633763588264;0.031502016;1.5271357813315;0
EYNE_POP3;2002;11;0.334349240656821;42.4431;2.1155;2078;88.2110952612204;0.86588544;12.5062550610196;25
EYNE_POP3;2002;12;-0.929726230839159;42.4431;2.1155;2078;45.4825171842047;11.491936;65.8613833992836;100
EYNE_POP3;2003;1;-4.34589483643835;42.4431;2.1155;2078;71.6903602952603;9.926286;62.8663327516512;81.8181818181818
EYNE_POP3;2003;2;-6.13817253644999;42.4431;2.1155;2078;114.569536940837;38.752094;117.792209029706;100
EYNE_POP3;2003;3;0.55519735144918;42.4431;2.1155;2078;37.2483395502645;13.665575;137.984908884059;69.2307692307692
EYNE_POP3;2003;4;2.28140133227249;42.4431;2.1155;2078;43.9251366762867;1.2890625;133.300055231547;40
EYNE_POP3;2003;5;6.46658343677515;42.4431;2.1155;2078;96.4320940827691;0.25201613;92.2488175821483;0
EYNE_POP3;2003;6;12.548201497213;42.4431;2.1155;2078;75.7591336006586;-7.2791904e-22;5.8299742801845;0
EYNE_POP3;2003;7;12.7471701110159;42.4431;2.1155;2078;51.4019095913346;-7.2791904e-22;0.010570582010582;0
EYNE_POP3;2003;8;14.9925759307536;42.4431;2.1155;2078;66.9434064639064;-7.3026714e-22;6.34920634920635e-05;0
EYNE_POP3;2003;9;7.23297669022041;42.4431;2.1155;2078;111.094351621527;-7.345365e-22;0.0763399711604083;0
EYNE_POP3;2003;10;4.73454842443805;42.4431;2.1155;2078;106.060935578311;0.24886593;2.08878325838982;0
EYNE_POP3;2003;11;2.35481640925327;42.4431;2.1155;2078;66.4369269378769;0.32226562;11.6460851247014;9.09090909090909
EYNE_POP3;2003;12;-2.06405954402352;42.4431;2.1155;2078;106.503796151996;31.473665;80.0949055215514;92.3076923076923
EYNE_POP3;2004;1;-3.70889603356237;42.4431;2.1155;2078;58.1142965247715;32.875504;65.7439332335464;90.9090909090909
EYNE_POP3;2004;2;-3.40885221504481;42.4431;2.1155;2078;50.0781183381433;22.740437;113.221816914798;100
EYNE_POP3;2004;3;-1.89456329689506;42.4431;2.1155;2078;79.8654616522366;13.460812;138.122274916864;54.5454545454545
EYNE_POP3;2004;4;0.610614777020315;42.4431;2.1155;2078;132.983442197617;2.9069011;119.294374575853;75
EYNE_POP3;2004;5;3.69454765704905;42.4431;2.1155;2078;91.7965838143338;0.36542338;97.4528090702326;16.6666666666667
EYNE_POP3;2004;6;9.39986853653266;42.4431;2.1155;2078;60.192290996041;-7.2791904e-22;5.8299742801845;0
EYNE_POP3;2004;7;11.0609454427768;42.4431;2.1155;2078;57.3267727152477;-7.306941e-22;0.010570582010582;0
EYNE_POP3;2004;8;12.3526349985957;42.4431;2.1155;2078;62.9758822621823;-7.345365e-22;6.34920634920635e-05;0
EYNE_POP3;2004;9;8.97819611284264;42.4431;2.1155;2078;45.2603961751212;-7.345365e-22;0.0763399711604083;0
EYNE_POP3;2004;10;5.62759482365367;42.4431;2.1155;2078;46.0733941558441;0.27091733;2.49210906088452;0
EYNE_POP3;2004;11;0.00672880692874801;42.4431;2.1155;2078;42.0422577885078;2.3600261;17.2604324460898;30.7692307692308
EYNE_POP3;2004;12;-2.06322930845464;42.4431;2.1155;2078;98.6943350464351;3.515625;34.4325944578192;100
EYNE_POP3;2005;1;-4.28685239675831;42.4431;2.1155;2078;58.9056707431457;6.309854;52.7130107068544;90.9090909090909
EYNE_POP3;2005;2;-6.91016635564053;42.4431;2.1155;2078;70.9218735976986;33.234516;117.757322972103;100
EYNE_POP3;2005;3;-1.32134354266515;42.4431;2.1155;2078;34.6052647509897;21.71749;139.016889927497;91.6666666666667
EYNE_POP3;2005;4;2.02584283525664;42.4431;2.1155;2078;41.5566992137492;1.328125;133.484876570055;10
EYNE_POP3;2005;5;6.62855114763468;42.4431;2.1155;2078;92.3844135281385;0.22051412;90.4561509186561;8.33333333333333
EYNE_POP3;2005;6;10.9076945896158;42.4431;2.1155;2078;101.389572647723;-7.345365e-22;5.8299742801845;0
EYNE_POP3;2005;7;12.0856848724611;42.4431;2.1155;2078;77.7072986050986;-7.345365e-22;0.010570582010582;0
EYNE_POP3;2005;8;9.57163128471055;42.4431;2.1155;2078;57.8142311161061;-7.345365e-22;6.34920634920635e-05;0
EYNE_POP3;2005;9;7.21665885442694;42.4431;2.1155;2078;86.7371118816368;-7.345365e-22;0.0763399711604083;0
EYNE_POP3;2005;10;5.66911584856647;42.4431;2.1155;2078;91.5706742905243;0.02205141;1.72159252390662;0
EYNE_POP3;2005;11;-0.180544203076691;42.4431;2.1155;2078;68.7188712241462;2.9947917;18.0670656444795;66.6666666666667
EYNE_POP3;2005;12;-2.11198471277812;42.4431;2.1155;2078;22.5102966986717;8.026713;52.6709115667481;94.1176470588235
EYNE_POP3;2006;1;-4.42216804043283;42.4431;2.1155;2078;123.967219751545;13.4765625;64.7483717089781;76.9230769230769
EYNE_POP3;2006;2;-4.44391523935409;42.4431;2.1155;2078;15.3649872124608;36.15025;118.494849071004;100
EYNE_POP3;2006;3;-0.649384985473898;42.4431;2.1155;2078;80.1339037888038;20.400705;138.334370106515;90
EYNE_POP3;2006;4;3.0794226246241;42.4431;2.1155;2078;38.7241567941318;0.035807293;104.848445185174;0
EYNE_POP3;2006;5;7.01824231140914;42.4431;2.1155;2078;28.4316071965072;0.009450605;53.3800612295129;0
EYNE_POP3;2006;6;9.49402928408969;42.4431;2.1155;2078;51.6551494227994;-7.345365e-22;5.8299742801845;0
EYNE_POP3;2006;7;14.6610660472614;42.4431;2.1155;2078;56.1240852665853;-7.345365e-22;0.010570582010582;0
EYNE_POP3;2006;8;9.27758770973967;42.4431;2.1155;2078;61.4243803372553;-7.345365e-22;6.34920634920635e-05;0
EYNE_POP3;2006;9;8.53668667274663;42.4431;2.1155;2078;90.4453599141599;-7.345365e-22;0.0763399711604083;0
EYNE_POP3;2006;10;7.14488681843616;42.4431;2.1155;2078;43.0830303187553;0.01890121;1.19539135554291;0
EYNE_POP3;2006;11;3.61462014068172;42.4431;2.1155;2078;20.3828548285048;0.07486979;9.0275515832687;0
EYNE_POP3;2006;12;-0.511613313756981;42.4431;2.1155;2078;21.6183861111111;1.001764;35.0487355160838;13.3333333333333
EYNE_POP3;2007;1;-0.468466527555235;42.4431;2.1155;2078;14.4537041245791;0.73714715;55.7017426774421;10.5263157894737
EYNE_POP3;2007;2;-0.863790972254496;42.4431;2.1155;2078;38.1784564833315;1.4753069;108.800953570481;22.2222222222222
EYNE_POP3;2007;3;-1.37972541620325;42.4431;2.1155;2078;40.4300068135568;3.7896926;141.55285162866;10
EYNE_POP3;2007;4;2.87204815420639;42.4431;2.1155;2078;102.922097785548;1.2597656;132.993861962882;20
EYNE_POP3;2007;5;5.93880472237388;42.4431;2.1155;2078;95.6934328393828;0.27091733;93.3306576962095;0
EYNE_POP3;2007;6;8.83775150357319;42.4431;2.1155;2078;55.2083514504015;0.0032552083;6.31024108957295;0
EYNE_POP3;2007;7;11.4486684685854;42.4431;2.1155;2078;28.8677867321664;-7.345365e-22;0.010570582010582;0
EYNE_POP3;2007;8;9.87480753179339;42.4431;2.1155;2078;96.6569788711289;-7.345365e-22;6.34920634920635e-05;0
EYNE_POP3;2007;9;7.41890314730064;42.4431;2.1155;2078;45.0118653392903;0.084635414;0.861183444821893;0
EYNE_POP3;2007;10;4.96358998187214;42.4431;2.1155;2078;55.9698806156806;0.07560484;0.911892507080411;5.26315789473684
EYNE_POP3;2007;11;0.174317834232797;42.4431;2.1155;2078;22.4882617068117;0.42643228;11.0151634332515;0
EYNE_POP3;2007;12;-1.86029729641131;42.4431;2.1155;2078;45.3227256086506;2.1452873;27.7675636718774;11.7647058823529
EYNE_POP3;2008;1;-0.605451867093399;42.4431;2.1155;2078;35.4422870675621;2.7816281;49.5857118065925;30.7692307692308
EYNE_POP3;2008;2;-0.735885523096768;42.4431;2.1155;2078;30.2477561211401;0.90247846;113.394484859948;11.1111111111111
EYNE_POP3;2008;3;-1.66725597298842;42.4431;2.1155;2078;75.947643963444;4.044859;141.443767669639;14.2857142857143
EYNE_POP3;2008;4;1.92256741332875;42.4431;2.1155;2078;73.6229596764749;1.2402344;133.503256767515;37.5
EYNE_POP3;2008;5;5.205608665367;42.4431;2.1155;2078;157.892309335109;0.07245464;75.4139096018629;0
EYNE_POP3;2008;6;7.97315270270747;42.4431;2.1155;2078;100.292409205609;-7.345365e-22;5.8299742801845;0
EYNE_POP3;2008;7;11.1908145844833;42.4431;2.1155;2078;77.1950453222703;-7.345365e-22;0.010570582010582;0
EYNE_POP3;2008;8;11.2984386264398;42.4431;2.1155;2078;58.8559342500092;-7.345365e-22;6.34920634920635e-05;0
EYNE_POP3;2008;9;7.20549863290252;42.4431;2.1155;2078;47.5014062890813;0.01953125;1.67528416262655;0
EYNE_POP3;2008;10;4.73815229096448;42.4431;2.1155;2078;85.6390337236837;1.7389113;8.20379116599768;0
EYNE_POP3;2008;11;-1.03435326924861;42.4431;2.1155;2078;80.0953806887557;3.2682292;18.6228409722643;75
EYNE_POP3;2008;12;-1.62349016251753;42.4431;2.1155;2078;73.2459972703222;23.59501;84.4809900368013;100
EYNE_POP3;2009;1;-4.23542213917843;42.4431;2.1155;2078;58.8076040764791;60.524822;69.929706789044;100
EYNE_POP3;2009;2;-4.35104914397219;42.4431;2.1155;2078;42.9885367123617;67.36537;117.155442174857;100
EYNE_POP3;2009;3;-0.728611886359092;42.4431;2.1155;2078;45.4825635475636;30.619959;141.070351145343;84.6153846153846
EYNE_POP3;2009;4;0.454180110509257;42.4431;2.1155;2078;104.132337421837;4.2252603;133.935665113209;100
EYNE_POP3;2009;5;7.17577024028967;42.4431;2.1155;2078;46.3824134319385;0.05670363;72.1969810962092;10
EYNE_POP3;2009;6;9.00283672270815;42.4431;2.1155;2078;101.367362065712;-7.345365e-22;5.8299742801845;0
EYNE_POP3;2009;7;12.2601491649726;42.4431;2.1155;2078;63.8266489593739;-7.345365e-22;0.010570582010582;0
EYNE_POP3;2009;8;12.6384613548709;42.4431;2.1155;2078;80.9089408757909;-7.345365e-22;6.34920634920635e-05;0
EYNE_POP3;2009;9;7.21711683929353;42.4431;2.1155;2078;88.3712699744699;0.0032552083;0.23015855656242;0
EYNE_POP3;2009;10;5.57472224627174;42.4431;2.1155;2078;55.2224587662338;0.03465222;1.48952755550365;0
EYNE_POP3;2009;11;2.77114982909256;42.4431;2.1155;2078;52.4843981031851;1.155599;14.7239636638896;0
EYNE_POP3;2009;12;-1.31451622800589;42.4431;2.1155;2078;67.3616933381433;4.5268397;35.4773428703447;22.2222222222222
EYNE_POP3;2010;1;-4.19296163077725;42.4431;2.1155;2078;52.9141394304769;24.936996;64.9113057061804;100
EYNE_POP3;2010;2;-5.40971415061272;42.4431;2.1155;2078;32.831196689136;40.13672;117.153041886277;100
EYNE_POP3;2010;3;-2.41437620594838;42.4431;2.1155;2078;87.8812225348725;39.446823;140.529688032;85.7142857142857
EYNE_POP3;2010;4;2.33837444719728;42.4431;2.1155;2078;33.5672462744887;1.1523438;132.858832276163;14.2857142857143
EYNE_POP3;2010;5;3.50029760322471;42.4431;2.1155;2078;125.587986375661;3.295111;114.493927120807;50
EYNE_POP3;2010;6;7.05303367769171;42.4431;2.1155;2078;139.730375889851;0.01953125;38.9800792104464;0
EYNE_POP3;2010;7;13.4197301377395;42.4431;2.1155;2078;92.504270971621;-7.345365e-22;0.010570582010582;0
EYNE_POP3;2010;8;10.9220303547862;42.4431;2.1155;2078;82.149356965257;-7.345365e-22;6.34920634920635e-05;0
EYNE_POP3;2010;9;7.16828490975205;42.4431;2.1155;2078;86.4840208402708;-7.345365e-22;0.0763399711604083;0
EYNE_POP3;2010;10;4.64306304204555;42.4431;2.1155;2078;116.874655627706;0.17011088;0.826675274959787;0
EYNE_POP3;2010;11;-0.0774374525097108;42.4431;2.1155;2078;36.7285348112536;1.8261719;14.9228776324534;33.3333333333333
EYNE_POP3;2010;12;-1.8282631550593;42.4431;2.1155;2078;34.8192023291523;3.3329134;31.9582880929033;50
EYNE_POP3;2011;1;-3.7590722335531;42.4431;2.1155;2078;31.7517178173678;2.4004536;49.7618175579448;26.6666666666667
EYNE_POP3;2011;2;-1.24256910470637;42.4431;2.1155;2078;40.3562451381951;5.6152344;94.9707340794273;50
EYNE_POP3;2011;3;-1.07174597036915;42.4431;2.1155;2078;98.1653793632294;2.8887348;124.404777337192;80
EYNE_POP3;2011;4;4.84293143747308;42.4431;2.1155;2078;39.8228721339863;0.013020833;103.124454444434;7.69230769230769
EYNE_POP3;2011;5;6.69016606256385;42.4431;2.1155;2078;94.1977524531024;0.0031502016;53.400433179906;0
EYNE_POP3;2011;6;7.85108651032783;42.4431;2.1155;2078;110.806133303733;0.029296875;40.8628948131818;0
EYNE_POP3;2011;7;9.34118309380154;42.4431;2.1155;2078;97.4010282578532;-7.345365e-22;0.010570582010582;0
EYNE_POP3;2011;8;12.3812654361251;42.4431;2.1155;2078;61.8533025187775;-7.345365e-22;6.34920634920635e-05;0
EYNE_POP3;2011;9;9.42232323305349;42.4431;2.1155;2078;60.2015420274171;-7.345365e-22;0.0763399711604083;0
EYNE_POP3;2011;10;5.55502864329191;42.4431;2.1155;2078;42.1537671633921;0.025201613;1.51168916742135;0
EYNE_POP3;2011;11;3.02949762236602;42.4431;2.1155;2078;120.720878078403;0.22135417;11.0373313462839;40
EYNE_POP3;2011;12;-0.309473650243391;42.4431;2.1155;2078;43.8268048784549;1.0836693;40.3727660289941;25
EYNE_POP3;2012;1;-1.16038827821644;42.4431;2.1155;2078;19.4842408652894;1.1939265;56.4101251777975;6.25
EYNE_POP3;2012;2;-6.86461776214525;42.4431;2.1155;2078;24.2634621545122;5.6202855;94.9707340794273;20
EYNE_POP3;2012;3;-0.404400290348977;42.4431;2.1155;2078;63.8286803659303;1.6696068;132.733214256359;27.7777777777778
EYNE_POP3;2012;4;0.40965178286868;42.4431;2.1155;2078;94.2826844618345;1.8326823;129.878490659413;25
EYNE_POP3;2012;5;6.23717325737469;42.4431;2.1155;2078;73.2946408850409;0.16066028;76.2067814506691;0
EYNE_POP3;2012;6;11.2678751073474;42.4431;2.1155;2078;37.7548501350501;-7.345365e-22;5.8299742801845;0
EYNE_POP3;2012;7;11.2298050781943;42.4431;2.1155;2078;12.8109402477153;-7.345365e-22;0.010570582010582;0
EYNE_POP3;2012;8;14.9701682183825;42.4431;2.1155;2078;50.9684139203389;-7.345365e-22;6.34920634920635e-05;0
EYNE_POP3;2012;9;7.7883809081553;42.4431;2.1155;2078;78.8803701779702;0.0065104165;0.558862106203919;0
EYNE_POP3;2012;10;5.51980450368081;42.4431;2.1155;2078;92.0615977624228;0.33707157;2.09395308690111;5.55555555555556
EYNE_POP3;2012;11;2.08504604322142;42.4431;2.1155;2078;38.089284665643;1.266276;16.0052482838318;14.2857142857143
EYNE_POP3;2012;12;-0.886508835833354;42.4431;2.1155;2078;22.8474856486106;4.4890375;35.4773428703447;70
EYNE_POP3;2013;1;-2.48308022453042;42.4431;2.1155;2078;76.1056875661375;9.932586;62.8663327516512;20
EYNE_POP3;2013;2;-5.86286244899732;42.4431;2.1155;2078;68.0666916033041;23.430525;116.117007397095;100
EYNE_POP3;2013;3;-1.52089311959425;42.4431;2.1155;2078;82.7943913900914;21.966356;139.215283589263;100
EYNE_POP3;2013;4;1.76631306787263;42.4431;2.1155;2078;96.1122404983905;3.0533855;126.179012856261;33.3333333333333
EYNE_POP3;2013;5;2.55616155699354;42.4431;2.1155;2078;95.7425942141192;0.670993;102.246682368051;0
EYNE_POP3;2013;6;7.29980055574888;42.4431;2.1155;2078;63.6206174270174;0.042317707;40.805173948435;0
EYNE_POP3;2013;7;11.5974657893244;42.4431;2.1155;2078;154.882057708033;-7.345365e-22;0.010570582010582;0
EYNE_POP3;2013;8;11.4823229924105;42.4431;2.1155;2078;56.8718394855145;-7.345365e-22;6.34920634920635e-05;0
EYNE_POP3;2013;9;8.17470844268575;42.4431;2.1155;2078;57.77363499556;-7.345365e-22;0.0763399711604083;0
EYNE_POP3;2013;10;7.00813605151179;42.4431;2.1155;2078;33.9529822434646;0.11970766;0.82492473672876;0
EYNE_POP3;2013;11;-0.347938965378014;42.4431;2.1155;2078;184.035163845414;12.216797;54.328330244128;66.6666666666667
EYNE_POP3;2013;12;-0.910353249533762;42.4431;2.1155;2078;22.6021987799238;23.147682;98.3310088090768;100
EYNE_POP3;2014;1;-0.863505802292733;42.4431;2.1155;2078;67.9895652958153;10.401966;67.1305132854742;100
EYNE_POP3;2014;2;-1.81583651985374;42.4431;2.1155;2078;69.9228008565508;12.65346;110.017449564146;100
EYNE_POP3;2014;3;-0.782412733768513;42.4431;2.1155;2078;34.2292267380767;3.496724;140.703740262402;94.1176470588235
EYNE_POP3;2014;4;3.28233315589467;42.4431;2.1155;2078;88.7000748778999;0.28320312;118.365162466157;25
EYNE_POP3;2014;5;4.31202784885274;42.4431;2.1155;2078;60.7075301707552;0.11655746;81.0043199604663;0
EYNE_POP3;2014;6;8.62700688800214;42.4431;2.1155;2078;102.172168445443;-7.345365e-22;5.8299742801845;0
EYNE_POP3;2014;7;9.63044853746791;42.4431;2.1155;2078;108.326058120583;-7.345365e-22;0.010570582010582;0
EYNE_POP3;2014;8;10.8904795604641;42.4431;2.1155;2078;112.819118579569;-7.345365e-22;6.34920634920635e-05;0
EYNE_POP3;2014;9;8.49690062498199;42.4431;2.1155;2078;98.0797566183816;-7.345365e-22;0.0763399711604083;0
EYNE_POP3;2014;10;7.20687256428908;42.4431;2.1155;2078;33.5765222462723;-7.345365e-22;0.200698525549558;0
EYNE_POP3;2014;11;2.86183934174272;42.4431;2.1155;2078;187.099203920154;0.45247397;11.0337194859102;0
EYNE_POP3;2014;12;-1.69697947898934;42.4431;2.1155;2078;44.8581505133755;4.1015625;35.6547239726684;53.8461538461538
EYNE_POP3;2015;1;-3.81693874608238;42.4431;2.1155;2078;44.3325443061568;4.904864;51.6234878933059;30.7692307692308
EYNE_POP3;2015;2;-5.61357771387946;42.4431;2.1155;2078;42.5095994468494;22.666714;113.073628481834;100
EYNE_POP3;2015;3;-0.470839566827458;42.4431;2.1155;2078;49.143564039664;7.765247;134.983063650719;83.3333333333333
EYNE_POP3;2015;4;3.20118296096187;42.4431;2.1155;2078;54.8706632228882;0.078125;108.605321398305;0
EYNE_POP3;2015;5;6.91731900361548;42.4431;2.1155;2078;48.5601517630518;0.04410282;60.4801489188714;0
EYNE_POP3;2015;6;9.13063259439684;42.4431;2.1155;2078;154.597603226403;-7.345365e-22;5.8299742801845;0
EYNE_POP3;2015;7;14.7329359898466;42.4431;2.1155;2078;99.1427617493618;-7.345365e-22;0.010570582010582;0
EYNE_POP3;2015;8;12.1253561869484;42.4431;2.1155;2078;103.777678066378;-7.345365e-22;6.34920634920635e-05;0
EYNE_POP3;2015;9;7.08447554020698;42.4431;2.1155;2078;82.9730846524248;-7.345365e-22;0.0763399711604083;0
EYNE_POP3;2015;10;5.30493736761553;42.4431;2.1155;2078;53.0186853045103;0.0031502016;0.199496034921022;0
EYNE_POP3;2015;11;3.04832182249889;42.4431;2.1155;2078;90.9752513643763;2.9069011;17.7007795118771;13.0434782608696
EYNE_POP3;2015;12;0.0892826739895085;42.4431;2.1155;2078;15.2015896785313;2.5579636;29.7827703357548;13.3333333333333
EYNE_POP3;2016;1;-0.480636278158315;42.4431;2.1155;2078;21.9422940596441;2.3532007;49.7618175579448;25
EYNE_POP3;2016;2;-1.70209992508202;42.4431;2.1155;2078;91.2773322325823;2.8993804;93.6891229808727;22.2222222222222
EYNE_POP3;2016;3;-1.42287513000556;42.4431;2.1155;2078;32.0810360877004;4.8355594;134.081978573375;80
EYNE_POP3;2016;4;2.27722244981469;42.4431;2.1155;2078;92.6193241341991;1.09375;132.954356973694;15.3846153846154
EYNE_POP3;2016;5;5.11539383909796;42.4431;2.1155;2078;91.5127203944204;0.04410282;60.4801489188714;0
EYNE_POP3;2016;6;8.21047224363405;42.4431;2.1155;2078;102.231743277093;0.0032552083;6.31024108957295;0
EYNE_POP3;2016;7;12.1547087519736;42.4431;2.1155;2078;57.3678843175343;-7.345365e-22;0.010570582010582;0
EYNE_POP3;2016;8;11.8006202381863;42.4431;2.1155;2078;57.2426209355459;-7.345365e-22;6.34920634920635e-05;0
EYNE_POP3;2016;9;5.59426114959386;42.4431;2.1155;2078;58.4951295815296;-7.345365e-22;0.0763399711604083;0
EYNE_POP3;2016;10;3.1524698194535;42.4431;2.1155;2078;60.016197091797;-7.345365e-22;0.200698525549558;0
EYNE_POP3;2016;11;-1.63190096888196;42.4431;2.1155;2078;93.1640470418471;1.09375;12.9560991592265;50
EYNE_POP3;2016;12;-1.44819766789887;42.4431;2.1155;2078;21.5444397361897;0.46307963;31.9458385946669;56.25
EYNE_POP3;2017;1;-4.33673475701591;42.4431;2.1155;2078;92.3089374569874;17.32926;62.2233407974812;70.5882352941177
EYNE_POP3;2017;2;-1.18517957732892;42.4431;2.1155;2078;84.4844598114848;20.901926;109.747573258063;92.3076923076923
EYNE_POP3;2017;3;2.06687315162995;42.4431;2.1155;2078;111.242720959596;3.2258065;133.210035909764;92.3076923076923
EYNE_POP3;2017;4;2.23686295441459;42.4431;2.1155;2078;93.695882070707;1.0123698;133.988475042329;22.2222222222222
EYNE_POP3;2017;5;6.70392441155384;42.4431;2.1155;2078;96.2972127936878;0.16381048;76.283123823607;0
EYNE_POP3;2017;6;11.4073344946249;42.4431;2.1155;2078;102.726479943205;-7.345365e-22;5.8299742801845;0
EYNE_POP3;2017;7;14.2049350939818;42.4431;2.1155;2078;47.6282400810301;-7.345365e-22;0.010570582010582;0
EYNE_POP3;2017;8;13.9759300808632;42.4431;2.1155;2078;47.8704383357383;-7.345365e-22;6.34920634920635e-05;0
EYNE_POP3;2017;9;6.79167043486409;42.4431;2.1155;2078;95.5547427970178;0.029296875;1.48040497153314;0
EYNE_POP3;2017;10;6.47882528856035;42.4431;2.1155;2078;41.1550106295094;-7.345365e-22;0.200698525549558;0
EYNE_POP3;2017;11;0.27496160860521;42.4431;2.1155;2078;43.1357778462278;1.233724;14.9209492582514;0
EYNE_POP3;2017;12;-0.77260542102357;42.4431;2.1155;2078;43.9701382117882;5.6483116;36.8600341899136;77.7777777777778
EYNE_POP3;2018;1;-1.49461002053203;42.4431;2.1155;2078;69.4117693241943;11.2619705;65.7345721451772;87.5
EYNE_POP3;2018;2;-6.05935707793292;42.4431;2.1155;2078;101.837291034891;36.44671;118.494849071004;100
EYNE_POP3;2018;3;-1.98676174398849;42.4431;2.1155;2078;90.6751421892922;23.412298;143.361536641267;100
EYNE_POP3;2018;4;2.97652852387116;42.4431;2.1155;2078;145.912647082547;3.9257812;135.104227572841;90
EYNE_POP3;2018;5;4.90691247112475;42.4431;2.1155;2078;156.23753532116;0.8348034;112.274893125927;0
EYNE_POP3;2018;6;9.22576545803232;42.4431;2.1155;2078;62.1928814722314;-7.345365e-22;5.8299742801845;0
EYNE_POP3;2018;7;12.4299167925193;42.4431;2.1155;2078;105.345727324527;-7.345365e-22;0.010570582010582;0
EYNE_POP3;2018;8;12.132840638721;42.4431;2.1155;2078;96.3984912587413;-7.345365e-22;6.34920634920635e-05;0
EYNE_POP3;2018;9;9.36852143173066;42.4431;2.1155;2078;59.3015867151367;-7.345365e-22;0.0763399711604083;0
EYNE_POP3;2018;10;4.67432023340556;42.4431;2.1155;2078;267.371292364117;1.4868952;8.63601310651638;0
EYNE_POP3;2018;11;0.717833579525134;42.4431;2.1155;2078;101.446606405631;2.5683594;18.1643716549951;40
EYNE_POP3;2018;12;0.0384220367044871;42.4431;2.1155;2078;22.075534000259;0.7119456;33.6469292076818;13.3333333333333
EYNE_POP3;2019;1;-3.84365364032896;42.4431;2.1155;2078;24.7217657885424;5.7428174;51.5562251735377;29.4117647058824
EYNE_POP3;2019;2;-0.547447155279313;42.4431;2.1155;2078;12.3447784952702;9.319197;104.392082547875;70
EYNE_POP3;2019;3;0.712409452439081;42.4431;2.1155;2078;13.5538765823501;0.1890121;114.186558915038;5
EYNE_POP3;2019;4;1.41663865563249;42.4431;2.1155;2078;102.343748621749;1.2272135;133.503256767515;20
EYNE_POP3;2019;5;3.82277022767852;42.4431;2.1155;2078;90.8960547859548;0.14805947;75.7910139367746;0
EYNE_POP3;2019;6;9.70296650819688;42.4431;2.1155;2078;58.7712851324601;0.022786459;41.3037493511603;0
EYNE_POP3;2019;7;14.0422919019245;42.4431;2.1155;2078;102.940647646798;-7.345365e-22;0.010570582010582;0
EYNE_POP3;2019;8;12.7360126633442;42.4431;2.1155;2078;38.0732333842084;-7.345365e-22;6.34920634920635e-05;0
EYNE_POP3;2019;9;8.18329489786228;42.4431;2.1155;2078;45.135070488308;0.009765625;0.631515895951149;0
EYNE_POP3;2019;10;6.05596754210489;42.4431;2.1155;2078;109.340298690199;0.015751008;0.652420342434196;0
EYNE_POP3;2019;11;-1.19877044019703;42.4431;2.1155;2078;91.4879453333704;2.7734375;17.8063433218962;77.7777777777778
EYNE_POP3;2019;12;-0.0658085774120354;42.4431;2.1155;2078;106.944906277056;3.3549647;31.9582880929033;66.6666666666667
EYNE_POP3;2020;1;-1.82173863391764;42.4431;2.1155;2078;200.092498193473;19.899824;63.0073719206208;41.6666666666667
EYNE_POP3;2020;2;-0.0567480288152033;42.4431;2.1155;2078;4.1150354978355;13.055631;110.017449564146;88.2352941176471
EYNE_POP3;2020;3;-0.624076700957031;42.4431;2.1155;2078;77.2244251443001;2.715474;125.504013442493;60
EYNE_POP3;2020;4;2.91627199078526;42.4431;2.1155;2078;86.7289217032968;0.43945312;137.243454238369;0
EYNE_POP3;2020;5;7.08500742869038;42.4431;2.1155;2078;98.7363795084545;0.028351815;57.153695838779;0
EYNE_POP3;2020;6;7.05303367769171;42.4431;2.1155;2078;152.07215541773;0.048828125;35.4241953663483;0
EYNE_POP3;2020;7;12.0316914636716;42.4431;2.1155;2078;101.513708728309;-7.345365e-22;0.010570582010582;0
EYNE_POP3;2020;8;11.6913930803445;42.4431;2.1155;2078;117.632721279646;0.0031502016;0.0014219150025601;0
EYNE_POP3;2020;9;7.1700964876422;42.4431;2.1155;2078;56.2316967319717;0.21809895;1.82443081079302;0
EYNE_POP3;2020;10;3.83224520877382;42.4431;2.1155;2078;57.8070376022126;0.52608365;1.89574475292841;7.69230769230769
EYNE_POP3;2020;11;2.54775193521111;42.4431;2.1155;2078;102.631714738965;0.61848956;10.7860923797796;12.5
EYNE_POP3;2020;12;-1.46462769678924;42.4431;2.1155;2078;26.0637656371406;5.93813;38.0657818149728;75
NOHEDES;2000;1;-1.91246233854189;42.6155;2.2633;1779;17.7502887997623;2.4319556;3.82355993714387;NA
NOHEDES;2000;2;1.17178984331109;42.6155;2.2633;1779;77.2291295685796;1.1954472;6.16698022885628;50
NOHEDES;2000;3;1.54307126608148;42.6155;2.2633;1779;44.8958236531987;0.749748;5.21612531768519;0
NOHEDES;2000;4;3.50904894885638;42.6155;2.2633;1779;97.4650422077921;0.64453125;5.18756469028902;0
NOHEDES;2000;5;8.55379221149193;42.6155;2.2633;1779;98.2705179413179;0.0031502016;0.508080894454013;0
NOHEDES;2000;6;11.2179075333714;42.6155;2.2633;1779;160.038743729419;0.104166664;1.71333043892587;0
NOHEDES;2000;7;12.0615503304119;42.6155;2.2633;1779;62.387222029822;-7.345365e-22;0;0
NOHEDES;2000;8;14.0658079381861;42.6155;2.2633;1779;55.3844860267728;-7.345365e-22;0;0
NOHEDES;2000;9;10.8855440470458;42.6155;2.2633;1779;65.888693935694;-7.345365e-22;0.0019391534391534;0
NOHEDES;2000;10;6.11738391898082;42.6155;2.2633;1779;96.4646678164429;0.46938005;0.288779481400455;0
NOHEDES;2000;11;1.40532886213831;42.6155;2.2633;1779;66.657892962593;0.5989583;0.778295419698559;0
NOHEDES;2000;12;0.850991512243328;42.6155;2.2633;1779;100.089407576683;1.2884325;3.58344271528482;27.2727272727273
NOHEDES;2001;1;-1.05831976683444;42.6155;2.2633;1779;119.606222917823;4.1614165;4.34382157775824;80
NOHEDES;2001;2;-1.30825361075862;42.6155;2.2633;1779;36.2753755651755;5.242048;8.26530594941913;53.3333333333333
NOHEDES;2001;3;3.86874008039169;42.6155;2.2633;1779;92.1419436258186;0.7276966;5.21220284705992;0
NOHEDES;2001;4;2.47541585868725;42.6155;2.2633;1779;104.68548526751;0.8691406;6.2048820196539;8.33333333333333
NOHEDES;2001;5;7.40936331508898;42.6155;2.2633;1779;64.4129343933844;0.10080645;2.97608438979601;0
NOHEDES;2001;6;11.2947775417119;42.6155;2.2633;1779;44.0967281721981;-7.345365e-22;0.254752473609327;0
NOHEDES;2001;7;12.9938810889513;42.6155;2.2633;1779;101.999747852148;-7.345365e-22;0;0
NOHEDES;2001;8;14.1002244634796;42.6155;2.2633;1779;22.9277438076973;-7.345365e-22;0;0
NOHEDES;2001;9;8.10410644049529;42.6155;2.2633;1779;43.8054803233804;-7.345365e-22;0.0019391534391534;0
NOHEDES;2001;10;8.82507319823396;42.6155;2.2633;1779;30.1037900834171;-7.345365e-22;0.0081060237317807;0
NOHEDES;2001;11;-0.734245113511728;42.6155;2.2633;1779;131.627998947349;17.486979;11.9294679722585;83.3333333333333
NOHEDES;2001;12;-1.57360110879982;42.6155;2.2633;1779;24.8099724913975;6.7981353;7.56263484170764;88.8888888888889
NOHEDES;2002;1;-0.902310602324242;42.6155;2.2633;1779;39.9506122053872;1.8649193;4.05127137099432;20
NOHEDES;2002;2;0.168882362767646;42.6155;2.2633;1779;53.6113439393939;2.7029855;5.78487951957474;36.3636363636364
NOHEDES;2002;3;2.09490990968524;42.6155;2.2633;1779;66.0563480796981;1.5435988;6.28559407796943;0
NOHEDES;2002;4;3.40082424029348;42.6155;2.2633;1779;139.937621245421;2.5748699;5.59081721616701;30.7692307692308
NOHEDES;2002;5;5.5891530176247;42.6155;2.2633;1779;167.491293570318;0.47883064;3.35237477561758;0
NOHEDES;2002;6;12.0766939596523;42.6155;2.2633;1779;98.6156136548637;0.28320312;1.78374906737305;0
NOHEDES;2002;7;12.1814710049134;42.6155;2.2633;1779;95.6765095358345;-7.2791904e-22;0;0
NOHEDES;2002;8;11.0533149943465;42.6155;2.2633;1779;129.749315367965;-7.2791904e-22;0;0
NOHEDES;2002;9;8.86931330910934;42.6155;2.2633;1779;49.2689553742554;-7.2791904e-22;0.0019391534391534;0
NOHEDES;2002;10;6.77170856083517;42.6155;2.2633;1779;66.2726402375402;-7.2791904e-22;0.0081060237317807;0
NOHEDES;2002;11;0.839574779456544;42.6155;2.2633;1779;92.82008501961;0.53059894;0.800809714909795;14.2857142857143
NOHEDES;2002;12;-0.0572169938335665;42.6155;2.2633;1779;68.6444163438414;3.6479335;3.87723458103887;50
NOHEDES;2003;1;-3.89242947609196;42.6155;2.2633;1779;83.3434296213047;7.232863;7.40961470581713;50
NOHEDES;2003;2;-4.68633530371682;42.6155;2.2633;1779;168.216966209716;28.822544;13.9785302162397;100
NOHEDES;2003;3;2.00150637507997;42.6155;2.2633;1779;66.8894733766234;5.074975;8.56822690487665;47.3684210526316
NOHEDES;2003;4;4.30258114364832;42.6155;2.2633;1779;59.1481778018278;1.1067709;6.37340059341458;22.2222222222222
NOHEDES;2003;5;7.63116246866343;42.6155;2.2633;1779;108.467857600733;0.14805947;2.97608746199263;0
NOHEDES;2003;6;14.818507819373;42.6155;2.2633;1779;54.7893313371813;-7.2791904e-22;0.254752473609327;0
NOHEDES;2003;7;14.4533706277589;42.6155;2.2633;1779;57.1311615863984;-7.2791904e-22;0;0
NOHEDES;2003;8;14.7643761738439;42.6155;2.2633;1779;79.4650846856847;-7.3026714e-22;0;0
NOHEDES;2003;9;9.43535232740617;42.6155;2.2633;1779;98.3578136483887;-7.345365e-22;0.0019391534391534;6.25
NOHEDES;2003;10;4.89468633892147;42.6155;2.2633;1779;135.133622456247;0.11340726;0.0476250132557502;0
NOHEDES;2003;11;3.25037585692247;42.6155;2.2633;1779;48.6940420875421;0.18880208;0.641696114234615;0
NOHEDES;2003;12;-1.48694972540928;42.6155;2.2633;1779;182.043778651904;19.896673;14.0048333586004;60
NOHEDES;2004;1;-1.26956626034987;42.6155;2.2633;1779;121.750690498391;10.546875;8.36442224466776;60
NOHEDES;2004;2;-1.38172082724384;42.6155;2.2633;1779;48.0383895141895;3.845636;5.60235309420702;25
NOHEDES;2004;3;-0.359686927206196;42.6155;2.2633;1779;78.7527316146816;2.65877;5.91502851038292;11.7647058823529
NOHEDES;2004;4;2.06272230887574;42.6155;2.2633;1779;167.51727018167;1.6796875;6.59358710390216;9.09090909090909
NOHEDES;2004;5;5.62903033585748;42.6155;2.2633;1779;118.061052622378;0.34022176;3.24958711168862;0
NOHEDES;2004;6;11.8533807011819;42.6155;2.2633;1779;64.5229193029193;-7.2791904e-22;0.254752473609327;0
NOHEDES;2004;7;13.2632819679875;42.6155;2.2633;1779;43.9445996723647;-7.306941e-22;0;0
NOHEDES;2004;8;13.9066648790782;42.6155;2.2633;1779;91.2641443241943;-7.345365e-22;0;0
NOHEDES;2004;9;11.0854258784959;42.6155;2.2633;1779;34.0808057979058;-7.345365e-22;0.0019391534391534;0
NOHEDES;2004;10;7.53707841696775;42.6155;2.2633;1779;86.7325965099714;0.16696069;0.0462196824256882;0
NOHEDES;2004;11;0.652938317035664;42.6155;2.2633;1779;69.6509997576498;2.3697917;3.04373985157637;57.1428571428571
NOHEDES;2004;12;-1.29777148263518;42.6155;2.2633;1779;190.580397055722;2.8257308;3.6393834299427;55.5555555555556
NOHEDES;2005;1;-2.3925916016954;42.6155;2.2633;1779;83.3434296213047;5.0245714;4.88138416463829;75
NOHEDES;2005;2;-5.19502075122462;42.6155;2.2633;1779;121.331248622674;21.428572;13.0419397281101;100
NOHEDES;2005;3;-0.289776299161959;42.6155;2.2633;1779;38.9084613997114;11.435232;12.0655603077846;60
NOHEDES;2005;4;3.42432544516126;42.6155;2.2633;1779;45.515137962038;0.9895833;6.29323674904483;0
NOHEDES;2005;5;7.95421032774804;42.6155;2.2633;1779;97.2012300347801;0.21421371;2.89075841326079;0
NOHEDES;2005;6;12.9844256216088;42.6155;2.2633;1779;80.8393515808266;-7.345365e-22;0.254752473609327;0
NOHEDES;2005;7;13.7142497770871;42.6155;2.2633;1779;50.2348146945647;-7.345365e-22;0;0
NOHEDES;2005;8;11.4895673940216;42.6155;2.2633;1779;49.4985747857618;-7.345365e-22;0;0
NOHEDES;2005;9;9.17627260513993;42.6155;2.2633;1779;110.922455278055;-7.345365e-22;0.0019391534391534;0
NOHEDES;2005;10;7.56236015005793;42.6155;2.2633;1779;96.9434986365486;-7.345365e-22;0.0081060237317807;0
NOHEDES;2005;11;0.579181286554899;42.6155;2.2633;1779;92.8945088698339;1.5397135;2.2936486916548;33.3333333333333
NOHEDES;2005;12;-0.61691234386845;42.6155;2.2633;1779;39.0025604858105;4.356729;4.43843544672383;45.4545454545455
NOHEDES;2006;1;-2.71830605415725;42.6155;2.2633;1779;180.977197254597;9.324596;8.300997198509;87.5
NOHEDES;2006;2;-1.65995681287265;42.6155;2.2633;1779;24.3723675851926;23.706055;13.3741099933362;100
NOHEDES;2006;3;1.56811256870209;42.6155;2.2633;1779;114.889994516595;6.2279487;10.2917093268085;44.4444444444444
NOHEDES;2006;4;4.74040977127045;42.6155;2.2633;1779;26.3484065369815;0.013020833;3.60902620846722;0
NOHEDES;2006;5;8.77623956945973;42.6155;2.2633;1779;26.4589314684883;-7.345365e-22;0.484303514923945;0
NOHEDES;2006;6;11.9930155369965;42.6155;2.2633;1779;62.7157931836682;-7.345365e-22;0.254752473609327;0
NOHEDES;2006;7;15.244909159823;42.6155;2.2633;1779;52.9229787805833;-7.345365e-22;0;0
NOHEDES;2006;8;11.166241843515;42.6155;2.2633;1779;87.4432952750952;-7.345365e-22;0;0
NOHEDES;2006;9;11.2841173541079;42.6155;2.2633;1779;88.3119966931217;-7.345365e-22;0.0019391534391534;0
NOHEDES;2006;10;8.92178089811788;42.6155;2.2633;1779;44.7791147426647;-7.345365e-22;0.0081060237317807;0
NOHEDES;2006;11;4.47902634944025;42.6155;2.2633;1779;19.783641557995;0.0032552083;0.562178672955299;0
NOHEDES;2006;12;-0.436856602669109;42.6155;2.2633;1779;26.422034080156;0.70879537;2.32518829854129;25
NOHEDES;2007;1;0.951964149484936;42.6155;2.2633;1779;17.239219427468;0.5670363;3.22881470717042;22.2222222222222
NOHEDES;2007;2;0.37303725549264;42.6155;2.2633;1779;69.4800418729419;1.7368861;6.67544908006423;25
NOHEDES;2007;3;-0.302017093085134;42.6155;2.2633;1779;78.9873567099567;3.4242692;5.60476136254099;9.09090909090909
NOHEDES;2007;4;5.21462526013918;42.6155;2.2633;1779;164.521608357383;0.5859375;5.58610213122421;0
NOHEDES;2007;5;7.51235941974903;42.6155;2.2633;1779;96.6338416749917;0.16381048;2.97587240822919;0
NOHEDES;2007;6;10.9722062960391;42.6155;2.2633;1779;51.7231698560699;-7.345365e-22;0.254752473609327;0
NOHEDES;2007;7;13.1971964497969;42.6155;2.2633;1779;23.46553003708;-7.345365e-22;0;0
NOHEDES;2007;8;12.1705375689081;42.6155;2.2633;1779;96.5925033429534;-7.345365e-22;0;0
NOHEDES;2007;9;9.12685150944956;42.6155;2.2633;1779;64.671388031413;0.091145836;0.051250064409982;0
NOHEDES;2007;10;6.15828222155444;42.6155;2.2633;1779;47.1512189273689;0.050403226;0.0566228502202619;0
NOHEDES;2007;11;1.3206509296814;42.6155;2.2633;1779;8.86316914381914;0.46549478;0.813479273896979;0
NOHEDES;2007;12;-1.42761192555426;42.6155;2.2633;1779;78.3683142135642;1.767263;3.60044888303112;70
NOHEDES;2008;1;0.437771784296473;42.6155;2.2633;1779;48.6108557210302;1.767263;4.06512641783435;33.3333333333333
NOHEDES;2008;2;0.979877565470839;42.6155;2.2633;1779;21.1278786112036;0.32664332;4.98864853279888;0
NOHEDES;2008;3;-0.223427952871845;42.6155;2.2633;1779;89.7866501924002;2.7942288;5.71420964965405;0
NOHEDES;2008;4;3.62439157810648;42.6155;2.2633;1779;57.0837061447812;0.6901042;5.33871288180011;0
NOHEDES;2008;5;7.53152465353805;42.6155;2.2633;1779;150.679720193695;0.015751008;0.508080894454013;0
NOHEDES;2008;6;10.7220527605485;42.6155;2.2633;1779;75.1694750962001;-7.345365e-22;0.254752473609327;0
NOHEDES;2008;7;13.1012793609025;42.6155;2.2633;1779;49.2502062409813;-7.345365e-22;0;0
NOHEDES;2008;8;13.234556813394;42.6155;2.2633;1779;48.8466506635876;-7.345365e-22;0;0
NOHEDES;2008;9;8.83116620424089;42.6155;2.2633;1779;46.713760027935;-7.345365e-22;0.0019391534391534;0
NOHEDES;2008;10;6.15648251088233;42.6155;2.2633;1779;62.4327803631553;1.0206653;0.934900238549443;0
NOHEDES;2008;11;0.522061725334023;42.6155;2.2633;1779;97.2389006808007;1.5104166;2.22063068085747;20
NOHEDES;2008;12;-2.04449619621325;42.6155;2.2633;1779;99.7474446137196;17.247355;12.6814676017101;85.7142857142857
NOHEDES;2009;1;-3.61371707443781;42.6155;2.2633;1779;92.6991452140452;40.694305;20.9245666251598;76.4705882352941
NOHEDES;2009;2;-1.54294149221468;42.6155;2.2633;1779;51.041702056277;32.442802;15.0344458488249;58.8235294117647
NOHEDES;2009;3;0.364905851550819;42.6155;2.2633;1779;45.8627271043771;6.656376;10.4002972025609;5.88235294117647
NOHEDES;2009;4;1.93185746587894;42.6155;2.2633;1779;160.573215347615;3.3561199;5.27821411661114;0
NOHEDES;2009;5;9.28931486553527;42.6155;2.2633;1779;65.139286016761;-7.345365e-22;0.484303514923945;0
NOHEDES;2009;6;11.0633319676145;42.6155;2.2633;1779;78.1348870610871;-7.345365e-22;0.254752473609327;0
NOHEDES;2009;7;13.8428448143695;42.6155;2.2633;1779;65.5786871656122;-7.345365e-22;0;0
NOHEDES;2009;8;14.4135728185963;42.6155;2.2633;1779;64.3834974109224;-7.345365e-22;0;0
NOHEDES;2009;9;9.10394366779195;42.6155;2.2633;1779;48.2439348843967;-7.345365e-22;0.0019391534391534;0
NOHEDES;2009;10;6.94729316680481;42.6155;2.2633;1779;41.2695487618811;-7.345365e-22;0.0081060237317807;0
NOHEDES;2009;11;3.582017256742;42.6155;2.2633;1779;86.0114775964775;0.99283856;1.44771151958949;0
NOHEDES;2009;12;-1.20882408443396;42.6155;2.2633;1779;67.3038827283827;3.862147;3.88147026972294;0
NOHEDES;2010;1;-3.94200304679298;42.6155;2.2633;1779;86.06170995671;13.482862;9.05442928217115;83.3333333333333
NOHEDES;2010;2;-2.91580407016646;42.6155;2.2633;1779;57.0900524050024;10.975865;10.9668245235669;50
NOHEDES;2010;3;-1.29892767008971;42.6155;2.2633;1779;99.2073190309691;12.64806;12.0230345618059;56.25
NOHEDES;2010;4;4.39554233287716;42.6155;2.2633;1779;38.0015662900009;0.63151044;5.16665048779219;0
NOHEDES;2010;5;5.26192188851877;42.6155;2.2633;1779;155.262906303881;3.471522;3.17470737776615;12.5
NOHEDES;2010;6;9.39690217046474;42.6155;2.2633;1779;122.462176917527;-7.345365e-22;0.254752473609327;0
NOHEDES;2010;7;14.3835112449964;42.6155;2.2633;1779;68.6513375282125;-7.345365e-22;0;0
NOHEDES;2010;8;12.9686578202812;42.6155;2.2633;1779;86.5396650849151;-7.345365e-22;0;0
NOHEDES;2010;9;9.27790905996106;42.6155;2.2633;1779;66.2983609270359;-7.345365e-22;0.0019391534391534;0
NOHEDES;2010;10;6.06445026685779;42.6155;2.2633;1779;155.04464465812;0.15751009;0.0462196824256882;8.33333333333333
NOHEDES;2010;11;0.86796571563574;42.6155;2.2633;1779;50.668864487264;1.0579427;1.52595069878066;22.2222222222222
NOHEDES;2010;12;-1.53619899583786;42.6155;2.2633;1779;26.6346021281475;1.7074093;3.33484605256833;16.6666666666667
NOHEDES;2011;1;-0.999626441004519;42.6155;2.2633;1779;39.8777132756133;1.87437;4.05830004482944;20
NOHEDES;2011;2;-0.469385221308256;42.6155;2.2633;1779;69.5698135281385;3.9620535;5.62201160221465;18.1818181818182
NOHEDES;2011;3;1.5273652648717;42.6155;2.2633;1779;111.899623051948;1.2600807;6.35419436971256;7.14285714285714
NOHEDES;2011;4;6.10373112249936;42.6155;2.2633;1779;39.0123354692621;-7.345365e-22;3.60902620846722;0
NOHEDES;2011;5;8.82012428595078;42.6155;2.2633;1779;61.2189234145484;-7.345365e-22;0.484303514923945;0
NOHEDES;2011;6;10.2060936346225;42.6155;2.2633;1779;124.581493975469;0.0065104165;0.278529853139394;0
NOHEDES;2011;7;11.2198741548253;42.6155;2.2633;1779;93.4473853535354;-7.345365e-22;0;0
NOHEDES;2011;8;14.1566410473588;42.6155;2.2633;1779;78.1860381007881;-7.345365e-22;0;0
NOHEDES;2011;9;11.4208501719023;42.6155;2.2633;1779;68.8266985912236;-7.345365e-22;0.0019391534391534;0
NOHEDES;2011;10;6.84010521404818;42.6155;2.2633;1779;46.3314177368927;-7.345365e-22;0.0081060237317807;0
NOHEDES;2011;11;4.18490710050646;42.6155;2.2633;1779;156.397796660747;0.0032552083;0.562178672955299;22.2222222222222
NOHEDES;2011;12;0.823471596786446;42.6155;2.2633;1779;84.4063106060606;0.5449849;1.96209120689117;25
NOHEDES;2012;1;-0.545701511328072;42.6155;2.2633;1779;46.6580123015873;0.7938508;3.13889259525617;60
NOHEDES;2012;2;-5.15008673012598;42.6155;2.2633;1779;40.6070355820106;6.2601023;9.32325281153565;58.8235294117647
NOHEDES;2012;3;1.46126036888707;42.6155;2.2633;1779;66.438575989751;1.389239;6.37924205366218;14.2857142857143
NOHEDES;2012;4;2.0707699878447;42.6155;2.2633;1779;101.451709317534;2.2916667;5.63549072355916;25
NOHEDES;2012;5;8.08668347390125;42.6155;2.2633;1779;68.476105024605;0.091355845;2.85923854010607;0
NOHEDES;2012;6;13.1238817937834;42.6155;2.2633;1779;54.3628623885374;-7.345365e-22;0.254752473609327;0
NOHEDES;2012;7;12.4867576472129;42.6155;2.2633;1779;23.3967736206005;-7.345365e-22;0;0
NOHEDES;2012;8;15.5853928712088;42.6155;2.2633;1779;46.7852693241943;-7.345365e-22;0;0
NOHEDES;2012;9;10.409611274119;42.6155;2.2633;1779;95.6614327441077;-7.345365e-22;0.0019391534391534;0
NOHEDES;2012;10;7.41758176125707;42.6155;2.2633;1779;121.609293903319;0.3559728;0.210169357509528;0
NOHEDES;2012;11;2.29269100107006;42.6155;2.2633;1779;49.6361528262398;1.2630209;2.37246524027643;25
NOHEDES;2012;12;-0.240797414312639;42.6155;2.2633;1779;67.0888127548378;3.8526967;3.88147026972294;90
NOHEDES;2013;1;-1.2641112041133;42.6155;2.2633;1779;89.9291956358457;8.417338;7.9098977984013;60
NOHEDES;2013;2;-4.70887426556954;42.6155;2.2633;1779;81.6177556887557;11.247908;10.9324947747477;53.3333333333333
NOHEDES;2013;3;-0.256933709936689;42.6155;2.2633;1779;110.955474122174;6.842238;10.3417545198211;63.6363636363636
NOHEDES;2013;4;3.08946161125556;42.6155;2.2633;1779;92.9629498853;2.0572917;5.62977656407378;7.14285714285714
NOHEDES;2013;5;4.06044619509219;42.6155;2.2633;1779;115.446884211159;0.41267642;3.27603464025518;0
NOHEDES;2013;6;9.3834874209016;42.6155;2.2633;1779;68.1720741943242;-7.345365e-22;0.254752473609327;0
NOHEDES;2013;7;13.8140692371944;42.6155;2.2633;1779;123.848467038517;-7.345365e-22;0;0
NOHEDES;2013;8;13.4931024809234;42.6155;2.2633;1779;49.3484647689268;-7.345365e-22;0;0
NOHEDES;2013;9;10.8519815095213;42.6155;2.2633;1779;68.0164393319643;-7.345365e-22;0.0019391534391534;0
NOHEDES;2013;10;8.28492731011345;42.6155;2.2633;1779;35.5075413660414;0.07560484;0.0515205314976533;0
NOHEDES;2013;11;0.387656166704122;42.6155;2.2633;1779;245.595501675176;13.4765625;10.2548445147882;83.3333333333333
NOHEDES;2013;12;0.0363834156812557;42.6155;2.2633;1779;56.2858904040404;14.150705;12.1296865143532;72.7272727272727
NOHEDES;2014;1;0.610513543841031;42.6155;2.2633;1779;90.9537491702742;2.091734;4.16648388361221;28.5714285714286
NOHEDES;2014;2;-1.14873793780911;42.6155;2.2633;1779;82.4910676536426;3.438895;5.57094243295507;44.4444444444444
NOHEDES;2014;3;0.388924491191572;42.6155;2.2633;1779;44.9530236411737;2.249244;5.96619896650677;16.6666666666667
NOHEDES;2014;4;5.52287794086419;42.6155;2.2633;1779;90.8571271164021;0.26367188;3.79566940298402;0
NOHEDES;2014;5;5.75320196576458;42.6155;2.2633;1779;53.7316993386244;0.07560484;2.85957750579988;0
NOHEDES;2014;6;11.2828718653857;42.6155;2.2633;1779;79.1173035954786;-7.345365e-22;0.254752473609327;0
NOHEDES;2014;7;12.4255471291874;42.6155;2.2633;1779;121.799585931661;-7.345365e-22;0;0
NOHEDES;2014;8;13.0217787780976;42.6155;2.2633;1779;97.561393957894;-7.345365e-22;0;0
NOHEDES;2014;9;10.9596177903001;42.6155;2.2633;1779;91.6247157351907;-7.345365e-22;0.0019391534391534;0
NOHEDES;2014;10;9.08471137563732;42.6155;2.2633;1779;32.4820008898509;-7.345365e-22;0.0081060237317807;0
NOHEDES;2014;11;3.96772537219537;42.6155;2.2633;1779;202.163206382506;0.32226562;0.723113642700767;0
NOHEDES;2014;12;-1.29890989439339;42.6155;2.2633;1779;87.8120216376216;3.6038306;3.86977131939012;71.4285714285714
NOHEDES;2015;1;-1.25345790975969;42.6155;2.2633;1779;84.3338732720983;4.1047125;4.37533656564297;40
NOHEDES;2015;2;-4.71024305759553;42.6155;2.2633;1779;74.1798391654642;16.259766;12.5060277681101;72.7272727272727
NOHEDES;2015;3;1.4211746828153;42.6155;2.2633;1779;81.746360050135;3.1281502;5.73648261461806;18.1818181818182
NOHEDES;2015;4;5.38415771375157;42.6155;2.2633;1779;57.6340536315536;0.0032552083;3.60902620846722;0
NOHEDES;2015;5;8.80121267457027;42.6155;2.2633;1779;55.1993531292782;-7.345365e-22;0.484303514923945;0
NOHEDES;2015;6;11.9318021603307;42.6155;2.2633;1779;163.661104046879;-7.345365e-22;0.254752473609327;0
NOHEDES;2015;7;15.3385221689658;42.6155;2.2633;1779;97.4409981351981;-7.345365e-22;0;0
NOHEDES;2015;8;13.7177626520803;42.6155;2.2633;1779;111.111028704629;-7.345365e-22;0;0
NOHEDES;2015;9;8.88568396305038;42.6155;2.2633;1779;88.9335751082251;-7.345365e-22;0.0019391534391534;0
NOHEDES;2015;10;6.54902891900548;42.6155;2.2633;1779;51.2795285144405;-7.345365e-22;0.0081060237317807;0
NOHEDES;2015;11;4.02392151166825;42.6155;2.2633;1779;92.9057832315833;2.3958333;3.04408995398292;30
NOHEDES;2015;12;2.48748376447875;42.6155;2.2633;1779;21.8862392974597;0.8820565;2.73139556180289;45.4545454545455
NOHEDES;2016;1;0.768722808723631;42.6155;2.2633;1779;44.9240041065416;1.7074093;3.87343046167959;33.3333333333333
NOHEDES;2016;2;-0.167178015795304;42.6155;2.2633;1779;167.70453963074;2.256196;5.74094662162256;33.3333333333333
NOHEDES;2016;3;-0.294438286692822;42.6155;2.2633;1779;42.8912194925445;3.4746723;5.61534549421586;7.69230769230769
NOHEDES;2016;4;3.88196272602265;42.6155;2.2633;1779;79.6481438404188;0.72591144;5.3191621672254;0
NOHEDES;2016;5;5.89072917911179;42.6155;2.2633;1779;82.3111499518999;0.028351815;0.863016382204016;0
NOHEDES;2016;6;10.7320981901802;42.6155;2.2633;1779;111.575772343397;-7.345365e-22;0.254752473609327;0
NOHEDES;2016;7;13.8067013664522;42.6155;2.2633;1779;63.8959259259259;-7.345365e-22;0;0
NOHEDES;2016;8;13.4769541405107;42.6155;2.2633;1779;87.4784568662819;-7.345365e-22;0;0
NOHEDES;2016;9;5.96491844314061;42.6155;2.2633;1779;46.0403990250491;-7.345365e-22;0.0019391534391534;0
NOHEDES;2016;10;1.31056788327261;42.6155;2.2633;1779;68.9669578726829;-7.345365e-22;0.0081060237317807;0
NOHEDES;2016;11;-0.666239960603161;42.6155;2.2633;1779;87.6381400913901;0.43294272;0.765372593921686;0
NOHEDES;2016;12;-1.69758924107191;42.6155;2.2633;1779;42.9323746512746;0.5796371;2.00892168650412;50
NOHEDES;2017;1;-3.10574711568904;42.6155;2.2633;1779;115.63298510656;17.782888;9.50046690139714;60
NOHEDES;2017;2;0.274452233181391;42.6155;2.2633;1779;81.5020208393458;11.474609;10.9284042827646;41.6666666666667
NOHEDES;2017;3;3.29332921855968;42.6155;2.2633;1779;136.194867661968;2.2775958;5.96619896650677;9.09090909090909
NOHEDES;2017;4;3.94954197758062;42.6155;2.2633;1779;77.1417971380471;0.6119792;5.59320995745571;4.54545454545455
NOHEDES;2017;5;8.44672024049377;42.6155;2.2633;1779;97.7733031907091;0.16696069;2.97587240822919;0
NOHEDES;2017;6;13.3422926695923;42.6155;2.2633;1779;110.80052492415;-7.345365e-22;0.254752473609327;0
NOHEDES;2017;7;14.5643282730493;42.6155;2.2633;1779;46.4756780918984;-7.345365e-22;0;0
NOHEDES;2017;8;14.6010272171473;42.6155;2.2633;1779;55.0946740378358;-7.345365e-22;0;0
NOHEDES;2017;9;7.95015719247365;42.6155;2.2633;1779;81.1747811207311;-7.345365e-22;0.0019391534391534;0
NOHEDES;2017;10;7.95763446229054;42.6155;2.2633;1779;32.0211816017316;-7.345365e-22;0.0081060237317807;0
NOHEDES;2017;11;0.83286574435898;42.6155;2.2633;1779;43.1911341505716;0.9472656;1.46346813484172;15.3846153846154
NOHEDES;2017;12;-1.84059268421191;42.6155;2.2633;1779;50.8360912097162;4.674899;4.92930680098827;62.5
NOHEDES;2018;1;-0.527822305248902;42.6155;2.2633;1779;73.2088058219558;4.876512;4.83277767888987;81.8181818181818
NOHEDES;2018;2;-4.86385927714323;42.6155;2.2633;1779;93.2454854737854;17.07938;12.4838520252529;91.6666666666667
NOHEDES;2018;3;-0.495064289660477;42.6155;2.2633;1779;104.200196849447;6.035786;10.2456790439903;22.2222222222222
NOHEDES;2018;4;5.20853362002651;42.6155;2.2633;1779;150.964566245791;1.4355469;6.50387413883678;0
NOHEDES;2018;5;6.24103045229911;42.6155;2.2633;1779;152.421043340918;0.6174395;2.75603398888707;0
NOHEDES;2018;6;11.3717453714517;42.6155;2.2633;1779;68.2531315924816;-7.345365e-22;0.254752473609327;0
NOHEDES;2018;7;14.1100883144105;42.6155;2.2633;1779;117.064831976357;-7.345365e-22;0;0
NOHEDES;2018;8;13.8346867433011;42.6155;2.2633;1779;93.2578584656085;-7.345365e-22;0;0
NOHEDES;2018;9;11.4052737811858;42.6155;2.2633;1779;71.5496294455544;-7.345365e-22;0.0019391534391534;0
NOHEDES;2018;10;6.32235662672236;42.6155;2.2633;1779;259.969124350649;0.88520664;0.835221187713203;0
NOHEDES;2018;11;2.18399331019543;42.6155;2.2633;1779;96.7844185980686;1.0221354;1.50285870478341;33.3333333333333
NOHEDES;2018;12;1.91929442874567;42.6155;2.2633;1779;32.1373095358345;0.500882;1.96727315644096;37.5
NOHEDES;2019;1;-1.63609308899195;42.6155;2.2633;1779;28.976154617325;4.4260335;4.53632795863083;37.5
NOHEDES;2019;2;0.929689510580144;42.6155;2.2633;1779;15.3354217843703;4.422433;6.56102902080066;50
NOHEDES;2019;3;1.84197646199025;42.6155;2.2633;1779;21.0751631701632;0.28351814;4.14641912027327;0
NOHEDES;2019;4;2.68000966017994;42.6155;2.2633;1779;93.8896426120176;0.703125;5.31158539045434;0
NOHEDES;2019;5;5.57166345684049;42.6155;2.2633;1779;95.0438946849447;0.15120968;2.97587240822919;0
NOHEDES;2019;6;12.2620290317175;42.6155;2.2633;1779;63.0800622969623;-7.345365e-22;0.254752473609327;0
NOHEDES;2019;7;14.9201560199618;42.6155;2.2633;1779;95.5696553030304;-7.345365e-22;0;0
NOHEDES;2019;8;14.1002244634796;42.6155;2.2633;1779;24.3850084789921;-7.345365e-22;0;0
NOHEDES;2019;9;10.9130088717271;42.6155;2.2633;1779;45.294918975469;-7.345365e-22;0.0019391534391534;0
NOHEDES;2019;10;7.74084356297722;42.6155;2.2633;1779;129.627813341288;-7.345365e-22;0.0081060237317807;0
NOHEDES;2019;11;-0.403629215045936;42.6155;2.2633;1779;69.9818961519961;1.8164062;2.66215502986094;38.4615384615385
NOHEDES;2019;12;0.977900984437891;42.6155;2.2633;1779;85.8137836950087;2.016129;3.52647276288092;54.5454545454545
NOHEDES;2020;1;-0.77859165723755;42.6155;2.2633;1779;209.629668960669;17.767138;9.50046690139714;66.6666666666667
NOHEDES;2020;2;1.27126020990139;42.6155;2.2633;1779;6.92453486050986;6.22306;9.29312388891482;13.3333333333333
NOHEDES;2020;3;1.55060537963726;42.6155;2.2633;1779;77.7330687488437;1.672757;6.46543118822683;0
NOHEDES;2020;4;5.17406475284153;42.6155;2.2633;1779;124.751831962482;0.20507812;3.7445543197934;0
NOHEDES;2020;5;9.34433244262748;42.6155;2.2633;1779;98.5135722383281;-7.345365e-22;0.484303514923945;0
NOHEDES;2020;6;9.52504677922897;42.6155;2.2633;1779;101.923867071817;-7.345365e-22;0.254752473609327;0
NOHEDES;2020;7;13.9079328240048;42.6155;2.2633;1779;62.5112086182336;-7.345365e-22;0;0
NOHEDES;2020;8;13.8461631642725;42.6155;2.2633;1779;87.7752310846561;-7.345365e-22;0;0
NOHEDES;2020;9;9.25938757677137;42.6155;2.2633;1779;67.9415386604137;0.013020833;0.0384326678805161;0
NOHEDES;2020;10;5.15169946804964;42.6155;2.2633;1779;39.0972681657959;0.15120968;0.0462196824256882;0
NOHEDES;2020;11;3.44825008075057;42.6155;2.2633;1779;91.3001654835905;0.2311198;0.751747566095762;0
NOHEDES;2020;12;-1.79820914336446;42.6155;2.2633;1779;24.6994665390165;3.6573842;3.87723458103887;54.5454545454545
VALLTER;2000;1;-3.25611329137148;42.4261;2.2644;2148;14.3587561808562;1.8680695;51.2256530683552;NA
VALLTER;2000;2;-0.253668951017364;42.4261;2.2644;2148;31.2773393028025;0.8587015;113.756705338319;0
VALLTER;2000;3;-0.490452124527562;42.4261;2.2644;2148;64.4576848443224;1.2947328;135.816475621566;25
VALLTER;2000;4;0.912361962332311;42.4261;2.2644;2148;91.0514458032707;0.79752606;127.851056514663;100
VALLTER;2000;5;6.45088713783409;42.4261;2.2644;2148;110.37758969364;0.0031502016;53.3855685487276;0
VALLTER;2000;6;9.43518064478876;42.4261;2.2644;2148;131.776685560736;0.052083332;35.2376032528569;0
VALLTER;2000;7;10.7599778685389;42.4261;2.2644;2148;51.2768146298146;-7.345365e-22;0.010570582010582;0
VALLTER;2000;8;11.7840584275556;42.4261;2.2644;2148;41.2575170533171;-7.345365e-22;6.34920634920635e-05;0
VALLTER;2000;9;8.41601628911628;42.4261;2.2644;2148;84.7753709799862;-7.345365e-22;0.0766258313911299;0
VALLTER;2000;10;4.02380189075714;42.4261;2.2644;2148;80.2539762228914;0.32447076;1.93635115379606;22.2222222222222
VALLTER;2000;11;0.883727036944009;42.4261;2.2644;2148;47.1595366462241;0.3125;11.2229214260996;0
VALLTER;2000;12;-0.841227267829797;42.4261;2.2644;2148;112.495683977134;1.2317288;42.8858880802607;42.8571428571429
VALLTER;2001;1;-3.34282661002215;42.4261;2.2644;2148;91.4702477143227;5.5002522;51.6313378900028;100
VALLTER;2001;2;-3.4497268953813;42.4261;2.2644;2148;29.7825689204071;4.575893;95.5544096413428;100
VALLTER;2001;3;2.41946153086522;42.4261;2.2644;2148;87.1803626142376;0.55128527;140.379999969409;100
VALLTER;2001;4;0.733882162814274;42.4261;2.2644;2148;75.529931875572;0.7682292;127.030793870923;0
VALLTER;2001;5;4.78826775686698;42.4261;2.2644;2148;79.2626583777735;0.04095262;59.4536281957674;0
VALLTER;2001;6;9.97960199648268;42.4261;2.2644;2148;41.5286182659933;-7.345365e-22;5.26505218044683;0
VALLTER;2001;7;10.8687242908868;42.4261;2.2644;2148;109.287550982351;-7.345365e-22;0.010570582010582;0
VALLTER;2001;8;11.9597481734248;42.4261;2.2644;2148;34.4711892363574;-7.345365e-22;6.34920634920635e-05;0
VALLTER;2001;9;6.5202450167843;42.4261;2.2644;2148;46.5309302558553;-7.345365e-22;0.0766258313911299;0
VALLTER;2001;10;6.46032524439842;42.4261;2.2644;2148;39.3511592624812;-7.345365e-22;0.163824999268352;0
VALLTER;2001;11;-2.01495552997103;42.4261;2.2644;2148;102.118820856921;16.370443;88.0718012169779;69.2307692307692
VALLTER;2001;12;-1.01591520711712;42.4261;2.2644;2148;23.0365247252747;9.781376;62.75087270975;100
VALLTER;2002;1;-3.04869102774358;42.4261;2.2644;2148;22.5974640590891;3.7424395;50.1610378566505;100
VALLTER;2002;2;-1.30570409856254;42.4261;2.2644;2148;38.9512692779443;3.567941;101.7068465345;75
VALLTER;2002;3;0.298906115724035;42.4261;2.2644;2148;64.9776741300366;1.1592742;136.244898327571;100
VALLTER;2002;4;0.863826944294941;42.4261;2.2644;2148;156.229473572723;2.6399739;121.78275504692;88.8888888888889
VALLTER;2002;5;3.65116438901296;42.4261;2.2644;2148;165.321841309616;0.30556956;95.2554822487733;16.6666666666667
VALLTER;2002;6;9.91943781630581;42.4261;2.2644;2148;102.737311933437;0.1529948;27.5421535690434;0
VALLTER;2002;7;10.6420691144315;42.4261;2.2644;2148;99.739493944019;-7.2791904e-22;0.010570582010582;0
VALLTER;2002;8;9.46033095471547;42.4261;2.2644;2148;165.183467427017;-7.2791904e-22;6.34920634920635e-05;0
VALLTER;2002;9;6.57890434496564;42.4261;2.2644;2148;85.7847474470376;-7.2791904e-22;0.0766258313911299;0
VALLTER;2002;10;5.19462135841397;42.4261;2.2644;2148;63.8393656584157;-7.2791904e-22;0.163824999268352;0
VALLTER;2002;11;0.235098292588988;42.4261;2.2644;2148;87.5949983294484;0.38085938;10.8163884173677;55.5555555555556
VALLTER;2002;12;-1.69526310021825;42.4261;2.2644;2148;48.7351969997595;5.377394;36.5334632426241;100
VALLTER;2003;1;-4.51585173608149;42.4261;2.2644;2148;59.9073766714767;7.9416585;60.3312561163417;100
VALLTER;2003;2;-6.40606707459886;42.4261;2.2644;2148;165.072117003367;27.86342;116.665294866566;100
VALLTER;2003;3;-0.138681685372108;42.4261;2.2644;2148;66.9594075924076;8.609501;136.078732476624;100
VALLTER;2003;4;2.15727221226327;42.4261;2.2644;2148;45.7375759009509;0.6738281;125.366295393784;100
VALLTER;2003;5;5.98581122384178;42.4261;2.2644;2148;99.404557947608;0.08505544;77.1421491009928;9.09090909090909
VALLTER;2003;6;12.7285923812968;42.4261;2.2644;2148;73.5897463961964;-7.2791904e-22;5.26505218044683;0
VALLTER;2003;7;12.847007741637;42.4261;2.2644;2148;59.7243424362674;-7.2791904e-22;0.010570582010582;0
VALLTER;2003;8;14.1183864910686;42.4261;2.2644;2148;80.0914302512303;-7.3026714e-22;6.34920634920635e-05;0
VALLTER;2003;9;7.9799812517622;42.4261;2.2644;2148;113.452107126207;-7.345365e-22;0.0766258313911299;0
VALLTER;2003;10;3.5514105095203;42.4261;2.2644;2148;157.362931890332;0.08505544;0.795637034845959;0
VALLTER;2003;11;2.49798463234056;42.4261;2.2644;2148;69.3731412097162;0.13997395;8.70211187298255;14.2857142857143
VALLTER;2003;12;-1.17537913418858;42.4261;2.2644;2148;135.218914959115;20.955141;101.424815219553;100
VALLTER;2004;1;-3.43945677239204;42.4261;2.2644;2148;60.15687996633;19.471395;62.5020068906123;100
VALLTER;2004;2;-4.22801103920612;42.4261;2.2644;2148;67.5430218933844;10.6546335;108.981980309414;100
VALLTER;2004;3;-1.84103239048121;42.4261;2.2644;2148;86.3175721981722;4.8324094;134.617010085586;100
VALLTER;2004;4;0.218608483460651;42.4261;2.2644;2148;157.606645779221;2.0052083;131.943628808081;100
VALLTER;2004;5;3.55470729909563;42.4261;2.2644;2148;104.018569731195;0.2016129;86.0389811559851;100
VALLTER;2004;6;10.0530852193163;42.4261;2.2644;2148;79.3155961075961;-7.2791904e-22;5.26505218044683;0
VALLTER;2004;7;11.0458963536974;42.4261;2.2644;2148;58.6515243339993;-7.306941e-22;0.010570582010582;0
VALLTER;2004;8;11.8169193406847;42.4261;2.2644;2148;89.5046027333778;-7.345365e-22;6.34920634920635e-05;0
VALLTER;2004;9;9.72182714483307;42.4261;2.2644;2148;45.9265478549229;-7.345365e-22;0.0766258313911299;0
VALLTER;2004;10;5.57035521902053;42.4261;2.2644;2148;55.4145192390942;0.08505544;0.795637034845959;0
VALLTER;2004;11;-0.095566300949343;42.4261;2.2644;2148;31.959450974026;1.3346354;15.0596197683316;18.1818181818182
VALLTER;2004;12;-2.00666151810083;42.4261;2.2644;2148;135.218914959115;1.9972278;27.7732590409799;100
VALLTER;2005;1;-3.46591775509609;42.4261;2.2644;2148;38.4380650497651;3.3549647;49.7047083819059;100
VALLTER;2005;2;-7.06033073309646;42.4261;2.2644;2148;78.8549598373848;21.24721;110.824692344359;100
VALLTER;2005;3;-1.71477574150551;42.4261;2.2644;2148;35.7646891719392;13.155242;139.001263295359;100
VALLTER;2005;4;1.30836675076283;42.4261;2.2644;2148;42.7980218568468;0.95703125;135.475920483562;40
VALLTER;2005;5;6.31614815056302;42.4261;2.2644;2148;100.95304516502;0.11970766;80.745917502709;23.0769230769231
VALLTER;2005;6;11.0763170514375;42.4261;2.2644;2148;105.516178323528;-7.345365e-22;5.26505218044683;0
VALLTER;2005;7;11.7108313470811;42.4261;2.2644;2148;78.5969446423946;-7.345365e-22;0.010570582010582;0
VALLTER;2005;8;10.1834344465902;42.4261;2.2644;2148;59.3747437349687;-7.345365e-22;6.34920634920635e-05;0
VALLTER;2005;9;7.9536888537994;42.4261;2.2644;2148;94.4042614478114;-7.345365e-22;0.0766258313911299;0
VALLTER;2005;10;5.45042776238309;42.4261;2.2644;2148;113.292198110223;-7.345365e-22;0.163824999268352;0
VALLTER;2005;11;-1.07131998192609;42.4261;2.2644;2148;88.8833207320458;2.3665364;16.8391465197405;64.2857142857143
VALLTER;2005;12;-2.03432383024105;42.4261;2.2644;2148;23.521643030118;6.750882;49.8490311080486;100
VALLTER;2006;1;-3.81327637832621;42.4261;2.2644;2148;191.693592024642;11.403729;65.3722128508921;100
VALLTER;2006;2;-4.18879141421159;42.4261;2.2644;2148;25.6628616679617;26.998465;116.946459754055;100
VALLTER;2006;3;-0.587354594061084;42.4261;2.2644;2148;85.4982943001443;13.967994;139.080577709964;100
VALLTER;2006;4;2.75736531605041;42.4261;2.2644;2148;34.2485834438009;0.009765625;103.371639219237;75
VALLTER;2006;5;6.64449116758065;42.4261;2.2644;2148;29.6986325049275;-7.345365e-22;53.3624187677639;0
VALLTER;2006;6;10.1397293927529;42.4261;2.2644;2148;53.0700687784438;-7.345365e-22;5.26505218044683;0
VALLTER;2006;7;13.6487129339353;42.4261;2.2644;2148;81.166246002146;-7.345365e-22;0.010570582010582;0
VALLTER;2006;8;9.77617089796616;42.4261;2.2644;2148;83.3606890656043;-7.345365e-22;6.34920634920635e-05;0
VALLTER;2006;9;9.65447800675961;42.4261;2.2644;2148;97.1753995310246;-7.345365e-22;0.0766258313911299;0
VALLTER;2006;10;6.74971171644319;42.4261;2.2644;2148;41.7303728695378;-7.345365e-22;0.163824999268352;0
VALLTER;2006;11;2.94559873119517;42.4261;2.2644;2148;16.8331545525281;0.0032552083;6.93959513486888;0
VALLTER;2006;12;-1.75454649425603;42.4261;2.2644;2148;23.6261031456298;0.5292339;31.9121130529844;42.8571428571429
VALLTER;2007;1;0.00511370679401692;42.4261;2.2644;2148;14.4739903078403;0.51348287;59.8660973206534;9.09090909090909
VALLTER;2007;2;-0.767476535847316;42.4261;2.2644;2148;42.9842333333333;0.8544922;113.756705338319;50
VALLTER;2007;3;-1.71768480100646;42.4261;2.2644;2148;46.7427235403486;2.3374496;126.754453019187;0
VALLTER;2007;4;2.49524885843886;42.4261;2.2644;2148;157.377911249861;0.6119792;130.152242699016;100
VALLTER;2007;5;5.66892974480759;42.4261;2.2644;2148;97.6769406676657;0.10710686;80.2626139080905;11.1111111111111
VALLTER;2007;6;9.50071434581394;42.4261;2.2644;2148;58.7307094627594;-7.345365e-22;5.26505218044683;0
VALLTER;2007;7;11.3643602055107;42.4261;2.2644;2148;30.2905808905076;-7.345365e-22;0.010570582010582;0
VALLTER;2007;8;10.6175139801731;42.4261;2.2644;2148;101.453539694565;-7.345365e-22;6.34920634920635e-05;0
VALLTER;2007;9;7.17290742429998;42.4261;2.2644;2148;48.1948707681208;0.055338543;0.839758385512366;0
VALLTER;2007;10;4.50577248950143;42.4261;2.2644;2148;56.1052910894661;0.025201613;1.41874877605612;5.88235294117647
VALLTER;2007;11;0.334008833217546;42.4261;2.2644;2148;15.0637685255921;0.22460938;10.6627587062314;0
VALLTER;2007;12;-0.778374884388698;42.4261;2.2644;2148;42.2497779641654;1.7609627;30.0531783415319;37.5
VALLTER;2008;1;-0.657113588025898;42.4261;2.2644;2148;38.4808983830984;1.7861643;51.4023591615451;85.7142857142857
VALLTER;2008;2;-0.482825389420633;42.4261;2.2644;2148;27.727548015873;0.33674568;110.240165118769;25
VALLTER;2008;3;-1.4687594688244;42.4261;2.2644;2148;77.3919696248196;2.8572328;124.802339673775;33.3333333333333
VALLTER;2008;4;1.57439166414502;42.4261;2.2644;2148;73.8642626863877;0.6542969;125.366295393784;42.8571428571429
VALLTER;2008;5;4.39737872827046;42.4261;2.2644;2148;166.609972538572;0.012600807;53.3651965983346;0
VALLTER;2008;6;8.45993855595231;42.4261;2.2644;2148;101.889368789544;-7.345365e-22;5.26505218044683;0
VALLTER;2008;7;11.3150736476314;42.4261;2.2644;2148;79.2707694564695;-7.345365e-22;0.010570582010582;0
VALLTER;2008;8;11.2452292086134;42.4261;2.2644;2148;66.8322854719354;-7.345365e-22;6.34920634920635e-05;0
VALLTER;2008;9;6.58429671566842;42.4261;2.2644;2148;58.5749656926407;-7.345365e-22;0.0766258313911299;0
VALLTER;2008;10;4.59578394874648;42.4261;2.2644;2148;80.670033020683;1.1655746;7.55586479879748;7.14285714285714
VALLTER;2008;11;-1.18338014248268;42.4261;2.2644;2148;93.5429992174492;1.4746094;14.8808070384907;91.6666666666667
VALLTER;2008;12;-1.99131706370027;42.4261;2.2644;2148;100.506132437007;20.772429;104.592075564272;100
VALLTER;2009;1;-4.52173738060115;42.4261;2.2644;2148;71.7250697089947;57.683342;69.8959602887344;100
VALLTER;2009;2;-4.37952927148742;42.4261;2.2644;2148;53.0695386844637;51.05329;119.550998263506;100
VALLTER;2009;3;-0.640390530355665;42.4261;2.2644;2148;50.7136998260998;20.504662;139.470875510916;100
VALLTER;2009;4;0.197050272647631;42.4261;2.2644;2148;150.340613525363;2.8515625;120.719587911657;100
VALLTER;2009;5;7.98945811532677;42.4261;2.2644;2148;54.7189122368372;-7.345365e-22;53.3624187677639;28.5714285714286
VALLTER;2009;6;9.48165897103245;42.4261;2.2644;2148;113.434628101528;-7.345365e-22;5.26505218044683;0
VALLTER;2009;7;11.7761001448585;42.4261;2.2644;2148;81.9897162402412;-7.345365e-22;0.010570582010582;0
VALLTER;2009;8;12.6516449330687;42.4261;2.2644;2148;81.0084723267473;-7.345365e-22;6.34920634920635e-05;0
VALLTER;2009;9;8.00982615212345;42.4261;2.2644;2148;86.611799056499;-7.345365e-22;0.0766258313911299;7.69230769230769
VALLTER;2009;10;5.38413293282012;42.4261;2.2644;2148;56.1491346681097;-7.345365e-22;0.163824999268352;0
VALLTER;2009;11;2.50669089598161;42.4261;2.2644;2148;47.4702874218374;0.7421875;10.6627953413827;7.14285714285714
VALLTER;2009;12;-1.91150251069564;42.4261;2.2644;2148;54.0245502890628;3.4148185;33.7079569495173;50
VALLTER;2010;1;-4.37961439151478;42.4261;2.2644;2148;52.0651621151996;18.847656;62.0554969447039;100
VALLTER;2010;2;-4.78919587033414;42.4261;2.2644;2148;52.971472017797;26.461355;116.946459754055;100
VALLTER;2010;3;-2.68986949645432;42.4261;2.2644;2148;93.6384507871758;30.393145;142.611811437478;100
VALLTER;2010;4;2.18725124197574;42.4261;2.2644;2148;43.8728976504977;0.74869794;127.143066878061;50
VALLTER;2010;5;3.28797740454978;42.4261;2.2644;2148;152.263651310726;2.532762;107.133267110358;80
VALLTER;2010;6;7.94724049853442;42.4261;2.2644;2148;151.032654367854;-7.345365e-22;5.26505218044683;0
VALLTER;2010;7;12.7607338695966;42.4261;2.2644;2148;79.2831372257372;-7.345365e-22;0.010570582010582;0
VALLTER;2010;8;10.9307284323518;42.4261;2.2644;2148;92.563447971473;-7.345365e-22;6.34920634920635e-05;0
VALLTER;2010;9;7.75406822343979;42.4261;2.2644;2148;85.0199060809963;-7.345365e-22;0.0766258313911299;0
VALLTER;2010;10;4.15593238922944;42.4261;2.2644;2148;160.642414886965;0.08820564;0.795637034845959;0
VALLTER;2010;11;-0.20377869482508;42.4261;2.2644;2148;38.9908771469271;0.9016927;12.1678655380859;8.33333333333333
VALLTER;2010;12;-0.832426723285505;42.4261;2.2644;2148;33.6394281746031;2.6241179;29.9341597546711;45.4545454545455
VALLTER;2011;1;-3.18501752962803;42.4261;2.2644;2148;41.3392818632756;1.9783266;51.1367503545815;50
VALLTER;2011;2;-1.44099019429962;42.4261;2.2644;2148;35.2672974386724;4.900251;95.5544096413428;100
VALLTER;2011;3;-0.999286549334525;42.4261;2.2644;2148;159.446903547379;1.9279234;133.362145555419;100
VALLTER;2011;4;4.17587027387248;42.4261;2.2644;2148;45.2475703093204;-7.345365e-22;103.424950599166;37.5
VALLTER;2011;5;6.27717486227054;42.4261;2.2644;2148;76.3299425408328;-7.345365e-22;53.3624187677639;0
VALLTER;2011;6;8.37594226194587;42.4261;2.2644;2148;128.786758682059;0.0032552083;5.74531898983528;0
VALLTER;2011;7;9.63366254338902;42.4261;2.2644;2148;111.145177437377;-7.345365e-22;0.010570582010582;0
VALLTER;2011;8;11.8597510271946;42.4261;2.2644;2148;77.2937717828468;-7.345365e-22;6.34920634920635e-05;0
VALLTER;2011;9;9.92042436066044;42.4261;2.2644;2148;65.1793777999778;-7.345365e-22;0.0766258313911299;0
VALLTER;2011;10;5.11415706790436;42.4261;2.2644;2148;54.517197931698;-7.345365e-22;0.163824999268352;0
VALLTER;2011;11;2.78667143999503;42.4261;2.2644;2148;190.488178376253;-7.345365e-22;6.9119516211786;76.9230769230769
VALLTER;2011;12;-0.499720281018511;42.4261;2.2644;2148;36.1851201539201;0.35282257;31.8271112952995;56.25
VALLTER;2012;1;-2.98059528487809;42.4261;2.2644;2148;24.7823462250712;0.62058973;55.4900226370342;53.8461538461538
VALLTER;2012;2;-7.00121862757569;42.4261;2.2644;2148;24.3555368816369;3.6435883;101.7068465345;55.5555555555556
VALLTER;2012;3;-0.21921454494204;42.4261;2.2644;2148;77.2878063492064;1.0679183;136.552912105561;50
VALLTER;2012;4;0.349062055466467;42.4261;2.2644;2148;90.4372408064159;1.3509115;137.034360172108;100
VALLTER;2012;5;6.09920702494405;42.4261;2.2644;2148;65.9449461982462;0.05670363;72.1969810962092;0
VALLTER;2012;6;11.2302961874581;42.4261;2.2644;2148;46.371142860324;-7.345365e-22;5.26505218044683;0
VALLTER;2012;7;11.2252047883753;42.4261;2.2644;2148;12.8925741653227;-7.345365e-22;0.010570582010582;0
VALLTER;2012;8;14.0803744099446;42.4261;2.2644;2148;63.5048744283494;-7.345365e-22;6.34920634920635e-05;0
VALLTER;2012;9;8.30220774534789;42.4261;2.2644;2148;84.6939543133195;-7.345365e-22;0.0766258313911299;0
VALLTER;2012;10;5.44490937226631;42.4261;2.2644;2148;108.982362321012;0.17011088;0.754783831230199;5.88235294117647
VALLTER;2012;11;1.80385363109737;42.4261;2.2644;2148;40.0563080442705;0.7779948;12.9673156692443;27.2727272727273
VALLTER;2012;12;-1.39091939590521;42.4261;2.2644;2148;23.4189906861657;2.9454386;30.3377443973141;50
VALLTER;2013;1;-3.26495195953985;42.4261;2.2644;2148;54.0712178696304;6.2815022;52.7130107068544;40
VALLTER;2013;2;-5.58785819970315;42.4261;2.2644;2148;58.4007143819144;10.780553;108.981980309414;80
VALLTER;2013;3;-1.83191346516799;42.4261;2.2644;2148;114.42129045214;9.3813;138.587215326791;100
VALLTER;2013;4;0.819580960953335;42.4261;2.2644;2148;98.2210566720317;2.03125;127.67022659833;100
VALLTER;2013;5;2.25689007626862;42.4261;2.2644;2148;97.3416406667406;0.28036794;94.8910163985144;50
VALLTER;2013;6;8.22301500684905;42.4261;2.2644;2148;74.8886421698672;-7.345365e-22;5.26505218044683;0
VALLTER;2013;7;11.3333545156138;42.4261;2.2644;2148;160.226272823473;-7.345365e-22;0.010570582010582;0
VALLTER;2013;8;11.3779331195454;42.4261;2.2644;2148;64.9419591131091;-7.345365e-22;6.34920634920635e-05;0
VALLTER;2013;9;8.36371331674574;42.4261;2.2644;2148;57.370419999445;-7.345365e-22;0.0766258313911299;0
VALLTER;2013;10;6.39609840293769;42.4261;2.2644;2148;36.0997757483257;0.091355845;0.807847488704849;0
VALLTER;2013;11;-0.843313936912826;42.4261;2.2644;2148;217.801222745773;8.238933;27.5639841758163;58.3333333333333
VALLTER;2013;12;-1.24417643787877;42.4261;2.2644;2148;23.6261031456298;14.383821;79.2849508980065;100
VALLTER;2014;1;-1.2062401013619;42.4261;2.2644;2148;64.4254533901284;2.4886594;49.6393668964698;100
VALLTER;2014;2;-2.61871247370333;42.4261;2.2644;2148;69.7806933108558;3.8888113;101.867142500224;100
VALLTER;2014;3;-0.707784587289676;42.4261;2.2644;2148;41.5659318736819;2.1200857;126.754453019187;100
VALLTER;2014;4;3.34156397717056;42.4261;2.2644;2148;90.6455900534651;0.13346355;109.839228856256;50
VALLTER;2014;5;4.10687097810381;42.4261;2.2644;2148;65.6620355098605;0.03780242;58.9845670014509;10
VALLTER;2014;6;9.37696043214449;42.4261;2.2644;2148;109.842342206867;-7.345365e-22;5.26505218044683;0
VALLTER;2014;7;10.5835626927498;42.4261;2.2644;2148;111.774166326266;-7.345365e-22;0.010570582010582;0
VALLTER;2014;8;10.9075632982813;42.4261;2.2644;2148;128.04797025012;-7.345365e-22;6.34920634920635e-05;0
VALLTER;2014;9;9.43938035306363;42.4261;2.2644;2148;109.076141097791;-7.345365e-22;0.0766258313911299;0
VALLTER;2014;10;6.87167599466461;42.4261;2.2644;2148;35.5387684972435;-7.345365e-22;0.163824999268352;0
VALLTER;2014;11;2.08784087498567;42.4261;2.2644;2148;214.677640503015;0.21809895;10.6627587062314;0
VALLTER;2014;12;-1.843903745143;42.4261;2.2644;2148;45.9689121165871;2.3532007;27.8863890834424;100
VALLTER;2015;1;-3.17317921555599;42.4261;2.2644;2148;43.4520354437229;3.3864667;49.7047083819059;72.7272727272727
VALLTER;2015;2;-5.26678307024084;42.4261;2.2644;2148;33.9687398228542;14.787947;110.91542960664;100
VALLTER;2015;3;-0.56786086952916;42.4261;2.2644;2148;81.7772456839457;3.8967993;142.058293566557;100
VALLTER;2015;4;3.05963784586138;42.4261;2.2644;2148;59.2554656658157;-7.345365e-22;103.424950599166;30.7692307692308
VALLTER;2015;5;6.80192474286395;42.4261;2.2644;2148;47.4670468975469;-7.345365e-22;53.3624187677639;0
VALLTER;2015;6;9.64555588233915;42.4261;2.2644;2148;154.728172598697;-7.345365e-22;5.26505218044683;0
VALLTER;2015;7;13.994096162816;42.4261;2.2644;2148;101.162950000925;-7.345365e-22;0.010570582010582;0
VALLTER;2015;8;11.5798513346671;42.4261;2.2644;2148;108.407518743294;-7.345365e-22;6.34920634920635e-05;0
VALLTER;2015;9;6.68585139953387;42.4261;2.2644;2148;98.911651988752;-7.345365e-22;0.0766258313911299;0
VALLTER;2015;10;5.08864834463089;42.4261;2.2644;2148;55.8209677359677;-7.345365e-22;0.163824999268352;0
VALLTER;2015;11;2.24685473538638;42.4261;2.2644;2148;95.3638647297147;1.6699219;14.4459786909584;5.55555555555556
VALLTER;2015;12;0.575546298661094;42.4261;2.2644;2148;15.4734403679654;1.0962702;40.4178742864421;0
VALLTER;2016;1;-0.202312040868643;42.4261;2.2644;2148;22.3669230778481;1.6003025;51.3650356728949;20
VALLTER;2016;2;-1.5711602229246;42.4261;2.2644;2148;102.334161638362;1.7712823;107.837685158721;0
VALLTER;2016;3;-1.77737450306806;42.4261;2.2644;2148;40.9190588578088;3.5313761;141.889657486544;100
VALLTER;2016;4;1.97371612097732;42.4261;2.2644;2148;91.2657512607763;0.6901042;126.925438320119;60
VALLTER;2016;5;4.47042647103923;42.4261;2.2644;2148;91.5005019240019;0.009450605;53.3651965983346;0
VALLTER;2016;6;8.8622218306823;42.4261;2.2644;2148;111.889514609465;-7.345365e-22;5.26505218044683;0
VALLTER;2016;7;11.7050503577739;42.4261;2.2644;2148;60.0988767316018;-7.345365e-22;0.010570582010582;0
VALLTER;2016;8;11.5497567651755;42.4261;2.2644;2148;70.7955206830207;-7.345365e-22;6.34920634920635e-05;0
VALLTER;2016;9;3.39522442511493;42.4261;2.2644;2148;64.9288372775373;-7.345365e-22;0.0766258313911299;0
VALLTER;2016;10;2.9665871234329;42.4261;2.2644;2148;80.5800971260222;-7.345365e-22;0.163824999268352;0
VALLTER;2016;11;-0.617384747992835;42.4261;2.2644;2148;97.263915908166;0.5761719;10.457345985638;38.4615384615385
VALLTER;2016;12;-2.03077414535566;42.4261;2.2644;2148;45.7299774605025;0.43472782;31.9121130529844;90.4761904761905
VALLTER;2017;1;-4.11326959390871;42.4261;2.2644;2148;93.6633497474747;14.434224;63.9103208114177;77.7777777777778
VALLTER;2017;2;-0.995068381798618;42.4261;2.2644;2148;89.7980445637695;12.970842;111.053732071946;100
VALLTER;2017;3;0.826404365338359;42.4261;2.2644;2148;136.005512267362;1.905872;133.362145555419;100
VALLTER;2017;4;2.02326830093318;42.4261;2.2644;2148;92.2595312872314;0.6380208;125.357597413665;38.4615384615385
VALLTER;2017;5;6.31532147521954;42.4261;2.2644;2148;96.3212886724386;0.09450605;80.0084965791824;9.09090909090909
VALLTER;2017;6;11.2308837850249;42.4261;2.2644;2148;105.703656252081;-7.345365e-22;5.26505218044683;0
VALLTER;2017;7;13.2970273595766;42.4261;2.2644;2148;46.1298570734821;-7.345365e-22;0.010570582010582;0
VALLTER;2017;8;13.3112675493894;42.4261;2.2644;2148;50.2711127178377;-7.345365e-22;6.34920634920635e-05;0
VALLTER;2017;9;6.26311377452062;42.4261;2.2644;2148;99.0400591316092;-7.345365e-22;0.0766258313911299;0
VALLTER;2017;10;6.13521473163388;42.4261;2.2644;2148;41.5926561427461;-7.345365e-22;0.163824999268352;0
VALLTER;2017;11;-0.0700373127319289;42.4261;2.2644;2148;25.6410547068429;0.703125;10.6079117367869;0
VALLTER;2017;12;-1.90499993966705;42.4261;2.2644;2148;23.3055617444384;3.515625;34.2600361851171;100
VALLTER;2018;1;-2.74009979135678;42.4261;2.2644;2148;71.6656641312392;6.5240674;54.1304865668663;100
VALLTER;2018;2;-7.00211645049281;42.4261;2.2644;2148;102.810165529841;27.155413;116.946459754055;100
VALLTER;2018;3;-2.05821473392815;42.4261;2.2644;2148;96.529513028638;13.567919;139.217943742769;100
VALLTER;2018;4;2.91683572630484;42.4261;2.2644;2148;156.419821813372;2.0084636;131.943628808081;100
VALLTER;2018;5;4.39737872827046;42.4261;2.2644;2148;158.478047418322;0.5638861;102.71440890653;40
VALLTER;2018;6;9.86584151523407;42.4261;2.2644;2148;62.3639885669886;-7.345365e-22;5.26505218044683;0
VALLTER;2018;7;11.9498976400884;42.4261;2.2644;2148;127.079720382395;-7.345365e-22;0.010570582010582;0
VALLTER;2018;8;11.5798513346671;42.4261;2.2644;2148;108.407518743294;-7.345365e-22;6.34920634920635e-05;7.14285714285714
VALLTER;2018;9;9.96382835583652;42.4261;2.2644;2148;60.2511874477375;-7.345365e-22;0.0766258313911299;0
VALLTER;2018;10;5.05466056367831;42.4261;2.2644;2148;286.679897483997;1.0206653;4.77225122050773;0
VALLTER;2018;11;1.2020126280742;42.4261;2.2644;2148;119.046571320346;1.2792969;15.2793784643549;100
VALLTER;2018;12;0.230802949625543;42.4261;2.2644;2148;21.6568577496577;0.29926914;30.2440452499581;60
VALLTER;2019;1;-3.23366903919187;42.4261;2.2644;2148;24.7169447136197;3.736139;50.1610378566505;40
VALLTER;2019;2;-0.0901391021057128;42.4261;2.2644;2148;17.2872450974951;4.4921875;96.3733814329232;66.6666666666667
VALLTER;2019;3;0.450402661809564;42.4261;2.2644;2148;23.6590779378029;0.13860887;113.790306493521;0
VALLTER;2019;4;0.542840239470311;42.4261;2.2644;2148;100.727487706738;1.0546875;134.632307059176;66.6666666666667
VALLTER;2019;5;3.34682533427789;42.4261;2.2644;2148;96.6573362674362;0.09450605;80.0084965791824;0
VALLTER;2019;6;10.2297461502178;42.4261;2.2644;2148;57.100723985274;-7.345365e-22;5.26505218044683;0
VALLTER;2019;7;13.2965371878982;42.4261;2.2644;2148;125.218423743849;-7.345365e-22;0.010570582010582;0
VALLTER;2019;8;12.0879661794417;42.4261;2.2644;2148;28.3692433172856;-7.345365e-22;6.34920634920635e-05;5
VALLTER;2019;9;8.58595283926537;42.4261;2.2644;2148;66.7259626123876;-7.345365e-22;0.0766258313911299;0
VALLTER;2019;10;5.95644793673942;42.4261;2.2644;2148;139.592046031746;-7.345365e-22;0.163824999268352;0
VALLTER;2019;11;-1.17638602934408;42.4261;2.2644;2148;89.3742203703704;1.6634115;14.4459786909584;81.8181818181818
VALLTER;2019;12;-0.846315507766338;42.4261;2.2644;2148;103.268226633552;1.704259;30.0531783415319;100
VALLTER;2020;1;-3.25496991239041;42.4261;2.2644;2148;254.597731807082;16.289692;62.2529975799445;83.3333333333333
VALLTER;2020;2;-0.00831625855425313;42.4261;2.2644;2148;19.0724777093277;7.2198277;100.986752519957;100
VALLTER;2020;3;-0.755945613476231;42.4261;2.2644;2148;81.917204017279;1.4648438;134.482287721586;75
VALLTER;2020;4;2.51689338893442;42.4261;2.2644;2148;114.655754689755;0.18880208;108.281272913035;71.4285714285714
VALLTER;2020;5;7.77941315958287;42.4261;2.2644;2148;105.698629773005;-7.345365e-22;53.3624187677639;0
VALLTER;2020;6;7.94291544875345;42.4261;2.2644;2148;154.430840852666;-7.345365e-22;5.26505218044683;0
VALLTER;2020;7;11.9039706951575;42.4261;2.2644;2148;103.34873488456;-7.345365e-22;0.010570582010582;0
VALLTER;2020;8;11.9921028018162;42.4261;2.2644;2148;126.17954451012;-7.345365e-22;6.34920634920635e-05;0
VALLTER;2020;9;7.27100901370637;42.4261;2.2644;2148;91.5195218975469;0.009765625;0.554296100348482;0
VALLTER;2020;10;3.63216854415071;42.4261;2.2644;2148;61.6781556896807;0.13230847;0.758005432070773;0
VALLTER;2020;11;2.07419415463106;42.4261;2.2644;2148;123.205056637807;0.09440104;8.65818945097659;13.3333333333333
VALLTER;2020;12;-1.30454636607629;42.4261;2.2644;2148;23.0365247252747;2.6335685;29.9341597546711;100
